codigo,placa,linha,latitude,longitude,dataHora,velocidade,id_migracao_trajeto,sentido,trajeto,hodometro,direcao,ignicao
901008,,22,-23.000951,-43.364488,2025-02-20 12:38:21,14.6,,ida,22 - ALVORADA X JARDIM OCEÂNICO (PARADOR) [IDA],150595.1,260,1
901011,RIV8A74,22,-23.00085,-43.367003,2025-02-20 12:34:21,18.6,,ida,22 - ALVORADA X JARDIM OCEÂNICO (PARADOR) [IDA],161071.3,145,1
901018,,52,-23.001432,-43.367747,2025-02-20 12:43:11,0.0,,volta,52 - T. ALVORADA X T. DEODORO (PARADOR) [VOLTA],131885.2,92,1
901012,,52,-22.964523,-43.392118,2025-02-20 11:25:09,0.0,,ida,52 - T. DEODORO X T. ALVORADA (PARADOR) [IDA],134748.7,348,0
901014,,18,-23.003911,-43.322736,2025-02-20 12:42:58,4.0,,ida,18 - PONTAL X JARDIM OCEÂNICO (EXPRESSO) [IDA],160318.0,117,1
901007,,22,-23.001217,-43.329327,2025-02-20 12:42:59,30.0,,ida,22 - ALVORADA X JARDIM OCEÂNICO (PARADOR) [IDA],153572.9,109,1
901009,,22,-22.999954,-43.353662,2025-02-20 12:43:11,0.0,,volta,22 - JARDIM OCEÂNICO X ALVORADA (PARADOR) [VOLTA],116711.9,272,1
901013,,22,-23.006602,-43.312293,2025-02-20 12:43:05,0.0,,volta,22 - JARDIM OCEÂNICO X ALVORADA (PARADOR) [VOLTA],153716.4,257,1
901010,RJM8G30,22,-23.000227,-43.347883,2025-02-20 12:43:05,14.0,,ida,22 - ALVORADA X JARDIM OCEÂNICO (PARADOR) [IDA],167862.5,88,1
901015,,35,-22.878354,-43.33634,2025-02-20 12:43:16,0.0,,ida,35 - MADUREIRA X ALVORADA (PARADOR) [IDA],164990.4, ,1
901047,,35,-22.898162,-43.35271,2025-02-20 12:43:14,0.0,,ida,35 - MADUREIRA X ALVORADA (PARADOR) [IDA],38404.2,214,1
901017,,22,-22.964535,-43.392048,2025-02-20 12:36:22,0.0,,ida,22 - ALVORADA X JARDIM OCEÂNICO (PARADOR) [IDA],135791.4,352,0
901063,,51,-22.874547,-43.406617,2025-02-20 12:43:14,57.2,,ida,51 - T. DEODORO X T. RECREIO (PARADOR) [IDA],226324.2,142,1
902319,,60,-22.820544,-43.323947,2025-02-20 12:11:17,0.0,,volta,60 - TIG  X  TERMINAL DEODORO (PARADOR) [VOLTA],15943.4,299,0
901006,RJA9F56,22,-23.006356,-43.312859,2025-02-20 12:42:58,0.0,,volta,22 - JARDIM OCEÂNICO X ALVORADA (PARADOR) [VOLTA],155960.2,287,1
901005,RJB8E53,51,-23.008346,-43.44049,2025-02-20 12:36:46,0.0,,volta,51 - T. RECREIO X T.DEODORO (PARADOR) [VOLTA],196262.5,256,0
901004,RJQ8J80,53,-23.001023,-43.365825,2025-02-20 12:41:34,0.0,,volta,53 - ALVORADA X SULACAP (EXPRESSO) [VOLTA],175400.3,269,1
902095,,40,-22.876877,-43.329779,2025-02-20 12:03:19,0.0,,ida,40 - PAULO DA PORTELA X ALVORADA (EXPRESSO) [IDA],93648.7, ,0
902375,,51,-23.008349,-43.439915,2025-02-20 12:42:56,0.0,,volta,51 - T. RECREIO X T.DEODORO (PARADOR) [VOLTA],2872.6,326,1
13409,KPY9733,10,-22.915786,-43.628365,2023-04-27 00:10:13,0.0,,ida,10- SANTA CRUZ X ALVORADA ( EXPRESSO ),22420.5, ,
KXM6403 SAVEIRO,KXM6403,0,-23.000847,-43.363485,2025-02-20 12:01:07,0.0,,,,19507.0, ,0
902090,,40,-23.001453,-43.367759,2025-02-20 12:41:25,12.5,,volta,40 - ALVORADA X PAULO DA PORTELA (EXPRESSO) [VOLTA],92497.1,88,1
KRA7040 - GOL,KRA7040,0,-22.957199,-43.390435,2025-02-20 11:59:36,0.0,,,,48513.3, ,0
902334,,61,-22.850146,-43.398096,2025-02-20 11:46:51,0.0,,ida,61 - TERMINAL DEODORO X TIG (EXPRESSO) [IDA],59681.3, ,1
LSG7008 ACELLO INFRA,LSG7008,0,-22.964554,-43.391436,2025-01-18 20:03:03,0.0,,,,49467.5, ,0
KXE9191 PKP,KXE9191,0,-22.97134,-43.40043,2025-02-20 12:30:24,0.0,,,,11504.3, ,0
901057,,52,-22.976434,-43.364743,2025-02-20 12:42:58,53.9,,ida,52 - T. DEODORO X T. ALVORADA (PARADOR) [IDA],208979.1,202,1
901003,RKM8C54,22,-23.001181,-43.329314,2025-02-20 12:43:07,0.0,,volta,22 - JARDIM OCEÂNICO X ALVORADA (PARADOR) [VOLTA],164307.8,288,1
902455,,80,-22.842102,-43.277788,2025-02-20 12:43:12,0.0,,ida,80 - PENHA X TIG (PARADOR) [IDA],61843.7,222,1
KWB9798 - APOIO VAN,KWB9798,0,-23.000822,-43.364792,2025-02-20 12:28:07,0.0,,,,4272.9, ,0
901002,,22,-22.964711,-43.391702,2025-02-20 12:43:17,17.2,,ida,22 - ALVORADA X JARDIM OCEÂNICO (PARADOR) [IDA],140134.2,359,1
902313,,60,-22.898364,-43.211461,2025-02-20 12:43:11,0.0,,volta,60 - TIG  X  TERMINAL DEODORO (PARADOR) [VOLTA],77591.5,264,1
902103,,41,-22.953428,-43.375444,2025-02-20 12:43:10,48.2,,ida,41 - PAULO DA PORTELA X TERMINAL RECREIO (EXPRESSO) [IDA],100865.2,215,1
901001,RJD7J89,22,-23.000874,-43.364344,2025-02-20 12:41:57,7.5,,ida,22 - ALVORADA X JARDIM OCEÂNICO (PARADOR) [IDA],148577.5,196,1
901050,,35,-23.001041,-43.368437,2025-02-20 12:37:36,22.7,,volta,35 - ALVORADA  X  MADUREIRA (PARADOR) [VOLTA],168412.6,133,1
901077,,52,-22.964773,-43.392191,2025-02-20 11:27:00,0.0,,ida,52 - T. DEODORO X T. ALVORADA (PARADOR) [IDA],145725.1,44,0
903045,,17,-22.920202,-43.607373,2025-02-20 12:43:08,0.0,,volta,17 - SANTA CRUZ X CAMPO GRANDE (PARADOR) [VOLTA],74004.3,264,1
902119,,41,-23.008671,-43.440442,2025-02-20 12:43:14,0.0,,volta,41 - TERMINAL RECREIO X PAULO DA PORTELA (EXPRESSO) [VOLTA],99151.5, ,1
901058,,51,-22.853565,-43.386709,2025-02-20 12:43:17,43.5,,volta,51 - T. RECREIO X T.DEODORO (PARADOR) [VOLTA],214170.0,51,1
902105,,41,-22.878929,-43.34129,2025-02-20 12:43:01,23.2,,ida,41 - PAULO DA PORTELA X TERMINAL RECREIO (EXPRESSO) [IDA],95956.5,211,1
901071,,52,-22.96496,-43.392068,2025-02-20 12:43:16,0.0,,ida,52 - T. DEODORO X T. ALVORADA (PARADOR) [IDA],205406.7,335,1
903027,,42,-22.865948,-43.334592,2025-02-20 12:43:01,4.5,,ida,42 - GALEÃO X MADUREIRA MANANCEIA (PARADOR) [IDA],433.7,224,1
901066,,0,-22.964576,-43.392151,2025-02-20 11:46:17,0.0,,,,194937.9, ,0
903026,,42,-22.833673,-43.238338,2025-02-20 12:43:09,60.0,,ida,42 - GALEÃO X MADUREIRA MANANCEIA (PARADOR) [IDA],214416.2,45,1
903029,,42,-22.843663,-43.300729,2025-02-20 12:43:04,34.3,,ida,42 - GALEÃO X MADUREIRA MANANCEIA (PARADOR) [IDA],146640.3,207,1
902116,,40,-22.877394,-43.337084,2025-02-20 12:43:01,0.0,,ida,40 - PAULO DA PORTELA X ALVORADA (EXPRESSO) [IDA],103318.2,330,1
902115,,0,-22.876017,-43.329414,2024-08-31 07:33:01,0.0,,,,54751.3, ,0
903028,,42,-22.844889,-43.301499,2025-02-20 12:43:13,0.0,,volta,42 - MADUREIRA MANANCEIA X GALEAO (PARADOR) [VOLTA],212702.8,31,1
901061,,51,-23.008395,-43.440712,2025-02-20 12:37:57,0.0,,volta,51 - T. RECREIO X T.DEODORO (PARADOR) [VOLTA],235746.4, ,0
903030,,38,-22.876546,-43.329919,2025-02-20 12:04:18,0.0,,ida,38 - FUNDÃO X ALVORADA (PARADOR) [IDA],0.0,255,0
903057,,17,-22.920533,-43.60797,2023-06-26 07:59:59,0.0,,ida,17 - SANTA CRUZ X CAMPO GRANDE (PARADOR) [IDA],12199.8, ,
901051,,35,-22.959084,-43.38561,2025-02-20 12:43:10,50.0,,ida,35 - MADUREIRA X ALVORADA (PARADOR) [IDA],152289.0,256,1
901064,,52,-23.001416,-43.36777,2025-02-20 12:42:16,4.2,,volta,52 - T. ALVORADA X T. DEODORO (PARADOR) [VOLTA],223850.8,98,1
902107,,43,-22.964469,-43.391719,2025-02-20 12:39:53,0.0,,ida,43 - FUNDÃO X SANTA EFIGENIA (EXPRESSO) [IDA],104785.3, ,0
901049,,51,-23.008439,-43.440917,2025-02-20 12:07:05,0.0,,volta,51 - T. RECREIO X T.DEODORO (PARADOR) [VOLTA],98551.1,255,0
901073,,53,-23.002124,-43.366055,2025-02-20 12:05:10,0.0,,volta,53 - ALVORADA X SULACAP (EXPRESSO) [VOLTA],26256.6, ,0
901048,,22,-22.965165,-43.391121,2025-02-20 11:00:11,0.0,,ida,22 - ALVORADA X JARDIM OCEÂNICO (PARADOR) [IDA],170806.5, ,0
901065,,53,-22.883126,-43.399782,2025-02-20 12:42:52,19.9,,ida,53 - SULACAP X ALVORADA (EXPRESSO) [IDA],200682.5,152,1
903031,,42,-22.863154,-43.332084,2025-02-20 12:43:01,51.6,,volta,42 - MADUREIRA MANANCEIA X GALEAO (PARADOR) [VOLTA],157250.2,52,1
902092,,40,-23.001312,-43.36473,2025-02-20 12:24:19,12.7,,volta,40 - ALVORADA X PAULO DA PORTELA (EXPRESSO) [VOLTA],96578.4,89,1
903032,,38,-22.877088,-43.329597,2025-02-20 12:34:07,0.0,,ida,38 - FUNDÃO X ALVORADA (PARADOR) [IDA],138096.9, ,0
901075,,53,-22.977736,-43.36523,2025-02-20 12:43:06,58.8,,volta,53 - ALVORADA X SULACAP (EXPRESSO) [VOLTA],227893.7,21,1
903055,,17,-22.907002,-43.571599,2025-02-20 12:43:12,0.0,,volta,17 - SANTA CRUZ X CAMPO GRANDE (PARADOR) [VOLTA],63820.6,123,1
902112,,40,-23.000965,-43.364329,2025-02-20 12:13:48,0.0,,volta,40 - ALVORADA X PAULO DA PORTELA (EXPRESSO) [VOLTA],96785.4,343,1
903037,,17,-22.917587,-43.68336,2025-02-20 12:42:59,8.3,,volta,17 - SANTA CRUZ X CAMPO GRANDE (PARADOR) [VOLTA],80292.1,344,1
903002,,42,-22.839276,-43.283141,2025-02-20 12:39:37,0.0,,volta,42 - MADUREIRA MANANCEIA X GALEAO (PARADOR) [VOLTA],26555.2,121,1
901080,,53,-22.96451,-43.392189,2025-02-20 11:22:42,0.0,,ida,53 - SULACAP X ALVORADA (EXPRESSO) [IDA],202824.9,331,0
902110,,40,-22.914617,-43.360871,2025-02-20 12:42:57,35.5,,ida,40 - PAULO DA PORTELA X ALVORADA (EXPRESSO) [IDA],95780.6,206,1
902114,,0,-22.922672,-43.372706,2025-02-20 12:42:59,38.3,,,,84096.8,67,1
902078,,41,-22.876884,-43.330158,2025-02-20 12:43:14,0.0,,volta,41 - TERMINAL RECREIO X PAULO DA PORTELA (EXPRESSO) [VOLTA],98672.1, ,1
902111,,40,-22.876564,-43.329799,2025-02-20 12:42:58,0.0,,ida,40 - PAULO DA PORTELA X ALVORADA (EXPRESSO) [IDA],99347.0, ,1
902025,,40,-22.876689,-43.330418,2025-02-20 12:27:49,0.0,,ida,40 - PAULO DA PORTELA X ALVORADA (EXPRESSO) [IDA],90718.3,180,0
903054,,17,-22.917379,-43.684494,2025-02-20 12:43:14,0.0,,volta,17 - SANTA CRUZ X CAMPO GRANDE (PARADOR) [VOLTA],136523.6,163,1
903021,,38,-22.876103,-43.329665,2024-12-04 15:04:51,0.0,,ida,38 - FUNDÃO X ALVORADA (PARADOR) [IDA],156790.4, ,0
903056,,14,-23.008664,-43.439965,2025-02-20 11:28:27,0.0,,volta,14 - TERMINAL RECREIO x SANTA EUGÊNIA (EXPRESSO) [VOLTA],140953.0,46,0
903000,,42,-22.83998,-43.239367,2025-02-20 12:43:00,0.0,,ida,42 - GALEÃO X MADUREIRA MANANCEIA (PARADOR) [IDA],161170.8,143,1
903058,,17,-22.907384,-43.575505,2025-02-20 12:43:13,25.6,,ida,17 - CAMPO GRANDE  X SANTA CRUZ (PARADOR) [IDA],71733.1,252,1
901072,,53,-22.964791,-43.392127,2025-02-20 12:07:54,0.0,,ida,53 - SULACAP X ALVORADA (EXPRESSO) [IDA],177942.2,155,0
902045,,41,-22.876807,-43.329809,2025-02-20 12:43:02,0.0,,volta,41 - TERMINAL RECREIO X PAULO DA PORTELA (EXPRESSO) [VOLTA],114012.7, ,1
903008,,42,-22.841524,-43.279333,2025-02-20 12:43:00,0.0,,ida,42 - GALEÃO X MADUREIRA MANANCEIA (PARADOR) [IDA],157246.5,297,1
903007,,42,-22.876075,-43.329373,2025-02-18 11:37:11,0.0,,ida,42 - GALEÃO X MADUREIRA MANANCEIA (PARADOR) [IDA],187800.9, ,0
903004,,42,-22.838521,-43.294584,2025-02-20 12:43:15,40.8,,ida,42 - GALEÃO X MADUREIRA MANANCEIA (PARADOR) [IDA],144662.3,244,1
903006,,42,-22.839792,-43.239475,2025-02-20 12:43:12,0.0,,ida,42 - GALEÃO X MADUREIRA MANANCEIA (PARADOR) [IDA],164397.0,169,1
901046,,35,-22.928587,-43.373556,2025-02-20 12:43:09,41.0,,ida,35 - MADUREIRA X ALVORADA (PARADOR) [IDA],3842.0,178,1
903005,,42,-22.839956,-43.239599,2025-02-20 12:43:02,0.1,,ida,42 - GALEÃO X MADUREIRA MANANCEIA (PARADOR) [IDA],150066.1,317,1
903022,,42,-22.883155,-48.476474,2025-02-20 06:57:12,0.0,,ida,42 - GALEÃO X MADUREIRA MANANCEIA (PARADOR) [IDA],211995.3,183,0
903035,,17,-22.910931,-43.584037,2025-02-20 12:43:08,0.0,,volta,17 - SANTA CRUZ X CAMPO GRANDE (PARADOR) [VOLTA],12137.7,78,1
901059,,51,-22.877872,-43.402517,2025-02-20 12:43:12,63.0,,volta,51 - T. RECREIO X T.DEODORO (PARADOR) [VOLTA],223030.6,286,1
903003,,42,-22.856421,-43.258888,2025-02-20 12:43:12,38.7,,volta,42 - MADUREIRA MANANCEIA X GALEAO (PARADOR) [VOLTA],144787.7,154,1
901019,,22,-22.999965,-43.36236,2025-02-20 12:40:31,28.8,,volta,22 - JARDIM OCEÂNICO X ALVORADA (PARADOR) [VOLTA],164676.0,265,1
901020,,22,-22.964777,-43.392164,2025-02-20 12:20:48,0.0,,ida,22 - ALVORADA X JARDIM OCEÂNICO (PARADOR) [IDA],133971.2,334,0
901021,,35,-22.96514,-43.39128,2025-02-20 10:49:37,0.0,,ida,35 - MADUREIRA X ALVORADA (PARADOR) [IDA],151606.5,48,0
901022,,53,-22.964552,-43.392215,2025-02-20 11:17:51,0.0,,ida,53 - SULACAP X ALVORADA (EXPRESSO) [IDA],189272.6,26,0
901023,,22,-23.000199,-43.341755,2025-02-20 12:43:01,20.5,,volta,22 - JARDIM OCEÂNICO X ALVORADA (PARADOR) [VOLTA],220275.3,282,1
901024,,52,-23.000501,-43.368917,2025-02-20 12:14:50,35.8,,ida,52 - T. DEODORO X T. ALVORADA (PARADOR) [IDA],132127.5,162,1
901025,,35,-23.002223,-43.365756,2025-02-20 11:42:48,0.0,,volta,35 - ALVORADA  X  MADUREIRA (PARADOR) [VOLTA],171661.4,213,0
901026,,35,-22.878234,-43.340904,2025-02-20 12:42:59,17.4,,ida,35 - MADUREIRA X ALVORADA (PARADOR) [IDA],215265.1,192,1
901027,,22,-22.964773,-43.392074,2025-02-20 12:40:02,0.0,,ida,22 - ALVORADA X JARDIM OCEÂNICO (PARADOR) [IDA],188619.3,344,0
901028,,35,-23.001113,-43.364241,2025-02-20 11:44:32,15.0,,volta,35 - ALVORADA  X  MADUREIRA (PARADOR) [VOLTA],148963.0,355,1
903001,,42,-22.853241,-43.320605,2025-02-20 12:43:03,15.9,,ida,42 - GALEÃO X MADUREIRA MANANCEIA (PARADOR) [IDA],165717.1,239,1
901029,,35,-22.964935,-43.391268,2025-02-20 10:43:24,0.0,,ida,35 - MADUREIRA X ALVORADA (PARADOR) [IDA],179558.0, ,0
901030,,51,-22.964681,-43.391593,2025-02-15 07:00:14,0.0,,volta,51 - T. RECREIO X T.DEODORO (PARADOR) [VOLTA],112787.0, ,0
901031,,35,-22.968646,-43.390799,2025-02-20 12:42:05,32.1,,ida,35 - MADUREIRA X ALVORADA (PARADOR) [IDA],169574.2,177,1
901032,,35,-22.973392,-43.36687,2025-02-20 12:43:03,36.9,,volta,35 - ALVORADA  X  MADUREIRA (PARADOR) [VOLTA],175681.0,271,1
901033,,35,-22.964716,-43.391312,2025-02-20 12:12:52,0.9,,ida,35 - MADUREIRA X ALVORADA (PARADOR) [IDA],169611.7,198,0
901034,,35,-23.002074,-43.365912,2025-02-20 12:43:12,0.0,,volta,35 - ALVORADA  X  MADUREIRA (PARADOR) [VOLTA],188470.4,267,1
901035,,53,-22.949846,-43.39009,2025-02-20 12:43:14,56.3,,ida,53 - SULACAP X ALVORADA (EXPRESSO) [IDA],175467.2,167,1
901036,,35,-23.001368,-43.367587,2025-02-20 12:43:00,0.7,,volta,35 - ALVORADA  X  MADUREIRA (PARADOR) [VOLTA],163531.4,68,1
901037,,35,-23.002181,-43.366157,2025-02-20 12:04:53,0.0,,volta,35 - ALVORADA  X  MADUREIRA (PARADOR) [VOLTA],157937.9,225,0
901038,,35,-22.964971,-43.391613,2025-02-20 12:24:27,0.0,,ida,35 - MADUREIRA X ALVORADA (PARADOR) [IDA],179282.3, ,0
901039,,35,-22.964479,-43.392099,2025-02-20 10:46:57,0.0,,ida,35 - MADUREIRA X ALVORADA (PARADOR) [IDA],167738.6,342,0
901040,,35,-22.965284,-43.391228,2025-02-20 11:05:14,0.0,,ida,35 - MADUREIRA X ALVORADA (PARADOR) [IDA],178269.2, ,0
901041,,35,-22.939954,-43.37238,2025-02-20 12:43:11,30.9,,volta,35 - ALVORADA  X  MADUREIRA (PARADOR) [VOLTA],162002.2,15,1
901042,,35,-23.001755,-43.364597,2025-02-20 12:23:15,0.0,,volta,35 - ALVORADA  X  MADUREIRA (PARADOR) [VOLTA],164607.8,46,0
901043,,0,-23.00222,-43.36584,2025-02-20 11:57:33,0.2,,,,144058.3,218,0
901054,,53,-22.927239,-43.396365,2025-02-20 12:42:50,22.6,,ida,53 - SULACAP X ALVORADA (EXPRESSO) [IDA],3950.7,329,1
903009,,42,-22.838077,-43.285646,2025-02-20 12:43:16,0.0,,volta,42 - MADUREIRA MANANCEIA X GALEAO (PARADOR) [VOLTA],202952.4,99,1
903010,,42,-22.854775,-43.260067,2025-02-20 12:42:55,35.1,,ida,42 - GALEÃO X MADUREIRA MANANCEIA (PARADOR) [IDA],53253.0,322,1
903011,,42,-22.847021,-43.243911,2025-02-20 12:43:17,3.3,,ida,42 - GALEÃO X MADUREIRA MANANCEIA (PARADOR) [IDA],212923.1,291,1
903012,,42,-22.876646,-43.330022,2025-02-20 11:19:48,0.0,,ida,42 - GALEÃO X MADUREIRA MANANCEIA (PARADOR) [IDA],184627.8, ,0
903015,,14,-22.774634,-43.285613,2025-02-20 10:00:01,0.0,,ida,14 - SANTA EUGÊNIA X TERMINAL RECREIO (EXPRESSO) [IDA],151183.1, ,0
903016,,42,-22.852573,-43.31727,2025-02-20 12:43:02,0.0,,volta,42 - MADUREIRA MANANCEIA X GALEAO (PARADOR) [VOLTA],204796.7,73,1
903017,,42,-22.877781,-43.336348,2025-02-20 12:43:08,0.6,,volta,42 - MADUREIRA MANANCEIA X GALEAO (PARADOR) [VOLTA],153842.9,83,1
903018,,38,-22.876629,-43.329403,2025-02-13 06:00:10,0.0,,ida,38 - FUNDÃO X ALVORADA (PARADOR) [IDA],97439.5, ,0
903019,,42,-22.839173,-43.241004,2025-02-20 12:43:11,22.4,,volta,42 - MADUREIRA MANANCEIA X GALEAO (PARADOR) [VOLTA],117987.2,34,1
903020,,38,-22.876688,-43.329892,2025-02-20 12:11:42,0.0,,ida,38 - FUNDÃO X ALVORADA (PARADOR) [IDA],76153.3,269,0
903023,,42,-22.877692,-43.335925,2025-02-20 12:43:03,2.6,,volta,42 - MADUREIRA MANANCEIA X GALEAO (PARADOR) [VOLTA],148653.6,99,1
903024,,14,-23.019947,-43.488105,2025-02-20 12:43:10,43.2,,ida,14 - SANTA EUGÊNIA X TERMINAL RECREIO (EXPRESSO) [IDA],123777.8,75,1
903025,,14,-23.008594,-43.440061,2025-02-20 12:19:02,0.0,,volta,14 - TERMINAL RECREIO x SANTA EUGÊNIA (EXPRESSO) [VOLTA],79575.7, ,0
903013,,42,-22.839176,-43.239996,2025-02-20 12:43:04,0.0,,ida,42 - GALEÃO X MADUREIRA MANANCEIA (PARADOR) [IDA],200535.8,141,1
903014,,42,-22.877177,-43.32985,2025-02-20 12:43:13,0.0,,ida,42 - GALEÃO X MADUREIRA MANANCEIA (PARADOR) [IDA],222667.9,221,1
902097,,40,-22.973327,-43.38246,2025-02-20 12:43:16,0.0,,ida,40 - PAULO DA PORTELA X ALVORADA (EXPRESSO) [IDA],92880.8,92,1
901045,,50,-23.000203,-43.350975,2025-02-20 12:43:13,43.0,,ida,50 - TERMINAL CENTRO OLIMPICO X  JARDIM OCEÂNICO (PARADOR) [IDA],171402.2,90,1
901053,,35,-22.965322,-43.391329,2025-02-20 12:39:43,0.0,,ida,35 - MADUREIRA X ALVORADA (PARADOR) [IDA],126565.3,264,0
901060,,51,-23.008395,-43.4401,2025-02-20 12:43:09,0.0,,volta,51 - T. RECREIO X T.DEODORO (PARADOR) [VOLTA],222549.7, ,1
903052,,17,-22.915627,-43.626404,2025-02-20 12:43:07,56.2,,ida,17 - CAMPO GRANDE  X SANTA CRUZ (PARADOR) [IDA],88533.7,281,1
903060,,17,-22.92066,-43.607832,2025-02-20 12:25:21,0.0,,volta,17 - SANTA CRUZ X CAMPO GRANDE (PARADOR) [VOLTA],148900.5, ,0
903063,,17,-22.93166,-43.657138,2025-02-20 12:43:16,15.6,,volta,17 - SANTA CRUZ X CAMPO GRANDE (PARADOR) [VOLTA],135373.6,52,1
901000,,35,-22.920253,-43.368345,2025-02-20 12:43:08,0.0,,ida,35 - MADUREIRA X ALVORADA (PARADOR) [IDA],154351.8,229,1
902113,,40,-22.973311,-43.382032,2025-02-20 12:43:10,5.1,,ida,40 - PAULO DA PORTELA X ALVORADA (EXPRESSO) [IDA],87417.7,88,1
902118,,40,-22.916215,-43.362034,2025-02-20 12:43:09,37.6,,ida,40 - PAULO DA PORTELA X ALVORADA (EXPRESSO) [IDA],81396.7,217,1
902117,,41,-23.008611,-43.440246,2025-02-20 12:36:27,0.0,,volta,41 - TERMINAL RECREIO X PAULO DA PORTELA (EXPRESSO) [VOLTA],97024.3, ,0
901052,,0,-22.862202,-43.40058,2025-02-20 12:43:14,0.0,,,,178045.4,61,1
901056,,35,-22.895936,-43.350687,2025-02-20 12:43:00,45.4,,volta,35 - ALVORADA  X  MADUREIRA (PARADOR) [VOLTA],148961.7,42,1
902125,,25,-22.993806,-43.596831,2025-02-20 12:43:03,0.0,,ida,25 - MATO ALTO X ALVORADA (PARADOR) [IDA],126111.1,119,1
901044,,22,-23.00694,-43.312377,2025-02-20 12:43:08,0.0,,volta,22 - JARDIM OCEÂNICO X ALVORADA (PARADOR) [VOLTA],174718.5,102,1
903033,,42,-22.813367,-43.245162,2025-02-20 12:38:09,32.1,,ida,42 - GALEÃO X MADUREIRA MANANCEIA (PARADOR) [IDA],88830.2,60,1
903034,,14,-23.008226,-43.440642,2025-02-20 12:41:50,0.0,,volta,14 - TERMINAL RECREIO x SANTA EUGÊNIA (EXPRESSO) [VOLTA],1444.5,209,0
902049,,43,-22.839081,-43.24013,2025-02-20 12:42:21,0.0,,ida,43 - FUNDÃO X SANTA EFIGENIA (EXPRESSO) [IDA],107265.1,142,1
902020,,40,-22.935096,-43.372016,2025-02-20 12:43:02,0.0,,ida,40 - PAULO DA PORTELA X ALVORADA (EXPRESSO) [IDA],124525.9,153,1
902022,,43,-22.903244,-43.356119,2025-02-20 12:43:13,57.2,,ida,43 - FUNDÃO X SANTA EFIGENIA (EXPRESSO) [IDA],120481.3,211,1
901092,,35,-22.959899,-43.388455,2025-02-20 12:43:03,0.0,,volta,35 - ALVORADA  X  MADUREIRA (PARADOR) [VOLTA],125228.5,73,1
901093,,51,-22.940829,-43.394627,2025-02-20 12:43:16,0.0,,volta,51 - T. RECREIO X T.DEODORO (PARADOR) [VOLTA],209395.4,350,1
902023,,46,-22.854144,-43.251744,2025-02-20 12:42:58,0.0,,ida,46 - PENHA X ALVORADA (EXPRESSO) [IDA],154264.1, ,1
902059,,46,-22.965568,-43.390635,2025-02-20 12:43:09,15.4,,volta,46 - ALVORADA X PENHA (EXPRESSO) [VOLTA],171860.2,259,1
902056,,46,-22.837811,-43.287853,2025-02-20 12:42:56,27.9,,ida,46 - PENHA X ALVORADA (EXPRESSO) [IDA],179689.5,265,1
901091,,0,-22.965174,-43.39141,2025-02-20 12:42:54,0.0,,,,3971.6,162,1
901096,,0,-22.964819,-43.392126,2025-02-20 12:03:29,0.0,,,,161892.2,336,0
901086,,53,-23.002404,-43.365319,2025-02-20 12:43:05,9.4,,volta,53 - ALVORADA X SULACAP (EXPRESSO) [VOLTA],5962.6,43,1
902032,,43,-22.882367,-43.342006,2025-02-20 12:42:58,0.0,,ida,43 - FUNDÃO X SANTA EFIGENIA (EXPRESSO) [IDA],139879.9,190,1
902024,,43,-22.8406,-43.281064,2025-02-20 12:43:15,10.2,,volta,43 - SANTA EFIGENIA X FUNDÃO (EXPRESSO) [VOLTA],169558.0,125,1
901094,,35,-22.909092,-43.358975,2025-02-20 12:43:16,49.5,,volta,35 - ALVORADA  X  MADUREIRA (PARADOR) [VOLTA],167539.2,41,1
902027,,46,-22.857462,-43.258538,2025-02-20 12:43:15,28.4,,ida,46 - PENHA X ALVORADA (EXPRESSO) [IDA],175595.3,138,1
902031,,46,-23.000924,-43.36449,2025-02-20 11:57:12,12.6,,volta,46 - ALVORADA X PENHA (EXPRESSO) [VOLTA],169839.3,306,1
902028,,46,-22.888816,-43.346259,2025-02-20 12:43:15,37.1,,ida,46 - PENHA X ALVORADA (EXPRESSO) [IDA],165288.3,203,1
902029,,43,-22.935321,-43.371965,2025-02-20 12:43:13,0.0,,ida,43 - FUNDÃO X SANTA EFIGENIA (EXPRESSO) [IDA],136751.1,39,1
902018,,50,-23.001125,-43.368317,2025-02-20 12:43:13,0.0,,ida,50 - TERMINAL CENTRO OLIMPICO X  JARDIM OCEÂNICO (PARADOR) [IDA],164746.4,137,1
902046,,46,-22.898782,-43.353014,2025-02-20 12:43:03,41.0,,volta,46 - ALVORADA X PENHA (EXPRESSO) [VOLTA],153109.4,34,1
902010,,50,-22.973276,-43.389186,2025-02-20 12:43:05,55.0,,volta,50 - JARDIM OCEÂNICO X  TERMINAL CENTRO OLIMPICO (PARADOR) [VOLTA],150973.8,271,1
902026,,31,-23.001005,-43.364346,2025-02-20 11:26:07,0.0,,volta,31 - ALVORADA X VICENTE DE CARVALHO (SEMIDIRETO) [VOLTA],142233.5,309,1
901089,,53,-22.97189,-43.400482,2025-02-20 12:40:39,0.0,,ida,53 - SULACAP X ALVORADA (EXPRESSO) [IDA],211553.9,355,1
86850,,14,-23.008182,-43.442758,2023-05-03 12:22:53,0.0,,volta,14 - SALVADOR ALLENDE x SANTA EUGÊNIA,7855.3, ,
901062,,51,-23.008643,-43.440545,2025-02-20 12:42:57,0.0,,volta,51 - T. RECREIO X T.DEODORO (PARADOR) [VOLTA],240392.6,40,1
902033,,31,-22.964623,-43.391652,2025-02-20 11:52:10,0.0,,ida,31 - VICENTE DE CARVALHO X ALVORADA (SEMIDIRETO) [IDA],179762.1,60,0
902053,,46,-23.001018,-43.364889,2025-02-20 12:39:37,0.0,,volta,46 - ALVORADA X PENHA (EXPRESSO) [VOLTA],163258.0,270,1
902035,,46,-22.905811,-43.357546,2025-02-20 12:43:08,53.8,,ida,46 - PENHA X ALVORADA (EXPRESSO) [IDA],134621.1,196,1
E902000,,31,-22.973269,-43.376866,2025-02-20 12:43:05,35.6,,volta,31 - ALVORADA X VICENTE DE CARVALHO (SEMIDIRETO) [VOLTA],90784.7,271,1
901067,,52,-22.973231,-43.381506,2025-02-20 12:43:14,44.9,,volta,52 - T. ALVORADA X T. DEODORO (PARADOR) [VOLTA],26055.4,272,1
E902004,,42,-22.824381,-43.23165,2025-02-20 12:42:56,55.9,,ida,42 - GALEÃO X MADUREIRA MANANCEIA (PARADOR) [IDA],155613.8,210,1
902062,,0,-22.901907,-43.355138,2025-02-20 12:43:16,42.3,,,,154721.6,34,1
902048,,31,-22.964429,-43.391744,2025-02-20 12:43:00,0.0,,ida,31 - VICENTE DE CARVALHO X ALVORADA (SEMIDIRETO) [IDA],145970.3, ,0
902058,,46,-22.841487,-43.277153,2025-02-20 12:43:15,0.0,,ida,46 - PENHA X ALVORADA (EXPRESSO) [IDA],166746.6, ,1
902021,,46,-23.000991,-43.368428,2025-02-20 12:42:53,17.4,,volta,46 - ALVORADA X PENHA (EXPRESSO) [VOLTA],131990.4,136,1
901068,,22,-23.000709,-43.364357,2025-02-20 12:43:07,11.6,,ida,22 - ALVORADA X JARDIM OCEÂNICO (PARADOR) [IDA],208344.9,151,1
902003,,42,-22.85483,-43.253691,2025-02-20 12:43:07,0.9,,volta,42 - MADUREIRA MANANCEIA X GALEAO (PARADOR) [VOLTA],153210.7,100,1
902102,,43,-22.839657,-43.240321,2025-02-20 12:25:17,0.0,,ida,43 - FUNDÃO X SANTA EFIGENIA (EXPRESSO) [IDA],81028.2, ,0
901016,,22,-23.006731,-43.312822,2025-02-20 12:43:08,0.0,,volta,22 - JARDIM OCEÂNICO X ALVORADA (PARADOR) [VOLTA],110747.5,98,1
902133,,18,-23.005837,-43.317525,2025-02-20 12:43:12,47.2,,volta,18 - JARDIM OCEÂNICO X PONTAL (EXPRESSO) [VOLTA],118716.4,294,1
901082,,53,-23.001932,-43.364776,2025-02-20 12:43:04,0.0,,volta,53 - ALVORADA X SULACAP (EXPRESSO) [VOLTA],225715.6,49,1
902061,,46,-22.841238,-43.276227,2025-02-20 12:43:03,0.0,,ida,46 - PENHA X ALVORADA (EXPRESSO) [IDA],162429.2, ,1
902066,,46,-22.854624,-43.251223,2025-02-16 06:23:53,0.0,,ida,46 - PENHA X ALVORADA (EXPRESSO) [IDA],179197.3, ,0
902005,,38,-22.877028,-43.329784,2025-02-20 12:35:07,0.0,,ida,38 - FUNDÃO X ALVORADA (PARADOR) [IDA],152523.3, ,0
902052,,43,-22.839496,-43.240469,2025-02-20 12:31:03,0.0,,ida,43 - FUNDÃO X SANTA EFIGENIA (EXPRESSO) [IDA],171478.6, ,0
902050,,46,-22.85034,-43.308966,2025-02-20 12:43:15,0.0,,ida,46 - PENHA X ALVORADA (EXPRESSO) [IDA],121179.6,233,1
902016,,50,-23.006807,-43.312637,2025-02-20 12:03:16,0.0,,volta,50 - JARDIM OCEÂNICO X  TERMINAL CENTRO OLIMPICO (PARADOR) [VOLTA],21612.0,299,0
902019,,50,-22.972252,-43.401087,2025-02-20 12:42:58,0.0,,ida,50 - TERMINAL CENTRO OLIMPICO X  JARDIM OCEÂNICO (PARADOR) [IDA],111112.2,181,1
E902009,,50,-23.000978,-43.368491,2025-02-20 12:41:48,12.8,,volta,50 - JARDIM OCEÂNICO X  TERMINAL CENTRO OLIMPICO (PARADOR) [VOLTA],130799.7,138,1
902063,,40,-22.922371,-43.372051,2025-02-20 12:43:02,36.1,,volta,40 - ALVORADA X PAULO DA PORTELA (EXPRESSO) [VOLTA],135251.4,58,1
902017,,50,-23.000211,-43.349128,2025-02-20 12:42:48,54.1,,volta,50 - JARDIM OCEÂNICO X  TERMINAL CENTRO OLIMPICO (PARADOR) [VOLTA],120961.3,87,1
E902015,,50,-22.973402,-43.366559,2025-02-20 12:43:01,21.5,,ida,50 - TERMINAL CENTRO OLIMPICO X  JARDIM OCEÂNICO (PARADOR) [IDA],135553.6,89,1
902057,,41,-22.877577,-43.337034,2025-02-20 12:43:07,0.0,,ida,41 - PAULO DA PORTELA X TERMINAL RECREIO (EXPRESSO) [IDA],125635.4,310,1
902060,,46,-22.935526,-43.371807,2025-02-20 12:43:14,0.0,,ida,46 - PENHA X ALVORADA (EXPRESSO) [IDA],166719.6,154,1
902008,,50,-22.965087,-43.391611,2025-02-19 01:45:27,0.0,,ida,50 - TERMINAL CENTRO OLIMPICO X  JARDIM OCEÂNICO (PARADOR) [IDA],154613.3, ,0
902047,,46,-23.001393,-43.365348,2025-02-20 12:29:02,0.0,,volta,46 - ALVORADA X PENHA (EXPRESSO) [VOLTA],40307.1, ,1
902007,,50,-22.984408,-43.365674,2025-02-20 12:42:58,35.5,,volta,50 - JARDIM OCEÂNICO X  TERMINAL CENTRO OLIMPICO (PARADOR) [VOLTA],150008.9,358,1
902051,,31,-23.002102,-43.365455,2025-02-20 11:05:04,0.0,,volta,31 - ALVORADA X VICENTE DE CARVALHO (SEMIDIRETO) [VOLTA],171567.4,222,0
902067,,31,-23.001392,-43.36731,2025-02-20 10:51:11,4.1,,volta,31 - ALVORADA X VICENTE DE CARVALHO (SEMIDIRETO) [VOLTA],171003.3,92,1
901088,,35,-23.001141,-43.364244,2025-02-20 12:40:18,9.8,,volta,35 - ALVORADA  X  MADUREIRA (PARADOR) [VOLTA],217999.2,347,1
901078,,53,-22.964516,-43.392106,2025-02-20 11:52:26,0.0,,ida,53 - SULACAP X ALVORADA (EXPRESSO) [IDA],146566.1,346,0
901098,,52,-22.883854,-43.399699,2025-02-20 12:38:02,0.0,,volta,52 - T. ALVORADA X T. DEODORO (PARADOR) [VOLTA],186197.0,147,0
901090,,53,-22.989908,-43.365908,2025-02-20 12:42:58,45.7,,ida,53 - SULACAP X ALVORADA (EXPRESSO) [IDA],151855.6,181,1
901055,,53,-22.947456,-43.392293,2025-02-20 12:43:06,38.8,,volta,53 - ALVORADA X SULACAP (EXPRESSO) [VOLTA],189977.0,302,1
901076,,0,-23.001387,-43.366151,2025-02-20 11:30:34,27.6,,,,178010.1,85,1
902054,,46,-22.881725,-43.341815,2025-02-20 12:43:11,22.5,,volta,46 - ALVORADA X PENHA (EXPRESSO) [VOLTA],178375.7,10,1
901079,,0,-22.883887,-43.399579,2025-02-20 11:32:01,0.0,,,,227477.4, ,0
901084,,52,-23.001265,-43.364327,2025-02-20 12:35:26,25.0,,volta,52 - T. ALVORADA X T. DEODORO (PARADOR) [VOLTA],220163.5,51,1
901070,,53,-22.889004,-43.40093,2025-02-20 12:43:16,52.0,,ida,53 - SULACAP X ALVORADA (EXPRESSO) [IDA],175265.7,174,1
902080,,46,-22.841194,-43.276281,2025-02-20 12:43:07,18.2,,ida,46 - PENHA X ALVORADA (EXPRESSO) [IDA],178616.4,282,1
901081,,22,-23.000228,-43.340941,2025-02-20 12:43:13,51.7,,volta,22 - JARDIM OCEÂNICO X ALVORADA (PARADOR) [VOLTA],180280.2,271,1
902065,,43,-22.839796,-43.240193,2025-02-20 12:09:22,0.0,,ida,43 - FUNDÃO X SANTA EFIGENIA (EXPRESSO) [IDA],128515.1, ,0
901069,,0,-23.000963,-43.368034,2025-02-20 11:54:50,20.0,,,,151241.3,317,1
901074,,53,-22.974813,-43.364066,2025-02-20 12:17:39,34.2,,ida,53 - SULACAP X ALVORADA (EXPRESSO) [IDA],182841.8,202,1
901085,,53,-22.964639,-43.391561,2025-01-15 18:59:38,0.0,,ida,53 - SULACAP X ALVORADA (EXPRESSO) [IDA],135432.9, ,0
902073,,41,-22.915329,-43.361274,2025-02-20 12:43:04,13.5,,ida,41 - PAULO DA PORTELA X TERMINAL RECREIO (EXPRESSO) [IDA],98217.9,203,1
902030,,41,-23.008614,-43.440767,2025-02-20 12:42:57,0.0,,volta,41 - TERMINAL RECREIO X PAULO DA PORTELA (EXPRESSO) [VOLTA],96986.1, ,1
902071,,46,-22.847488,-43.305225,2025-02-20 12:43:05,0.0,,volta,46 - ALVORADA X PENHA (EXPRESSO) [VOLTA],152043.1,45,1
RJG7D28 MOTO,RJG7D28,0,-22.916318,-43.607137,2025-02-20 12:09:32,0.0,,,,6719.8, ,0
902072,,43,-22.96454,-43.391733,2025-02-20 12:32:43,0.0,,ida,43 - FUNDÃO X SANTA EFIGENIA (EXPRESSO) [IDA],159065.2, ,0
902101,,40,-23.002204,-43.365638,2025-02-20 11:27:10,0.0,,volta,40 - ALVORADA X PAULO DA PORTELA (EXPRESSO) [VOLTA],79276.4, ,0
902068,,40,-23.001324,-43.364388,2025-02-20 12:10:34,0.0,,volta,40 - ALVORADA X PAULO DA PORTELA (EXPRESSO) [VOLTA],138468.0,90,1
902064,,46,-22.923085,-43.37395,2025-02-20 12:43:07,30.1,,ida,46 - PENHA X ALVORADA (EXPRESSO) [IDA],0.0,211,1
902070,,31,-23.000894,-43.368543,2025-02-20 11:58:45,16.1,,volta,31 - ALVORADA X VICENTE DE CARVALHO (SEMIDIRETO) [VOLTA],173850.4,160,1
901083,,53,-23.002212,-43.365124,2025-02-20 12:43:14,0.0,,volta,53 - ALVORADA X SULACAP (EXPRESSO) [VOLTA],242602.8,48,1
901087,,35,-23.001423,-43.364196,2025-02-20 12:43:10,0.3,,volta,35 - ALVORADA  X  MADUREIRA (PARADOR) [VOLTA],171423.2,48,1
902085,,0,-22.854088,-43.251624,2024-08-16 09:15:10,0.0,,,,108156.2, ,0
E902012,,50,-23.006546,-43.31369,2025-02-20 12:43:07,0.0,,volta,50 - JARDIM OCEÂNICO X  TERMINAL CENTRO OLIMPICO (PARADOR) [VOLTA],18188.5,279,1
E902001,,31,-22.965537,-43.390708,2025-02-20 12:43:01,13.3,,volta,31 - ALVORADA X VICENTE DE CARVALHO (SEMIDIRETO) [VOLTA],125978.9,262,1
E902006,,42,-22.876525,-43.330404,2025-02-20 12:43:03,0.0,,ida,42 - GALEÃO X MADUREIRA MANANCEIA (PARADOR) [IDA],152660.5, ,1
E902011,,50,-23.000001,-43.35296,2025-02-20 12:43:07,0.0,,volta,50 - JARDIM OCEÂNICO X  TERMINAL CENTRO OLIMPICO (PARADOR) [VOLTA],134266.3,276,1
E902014,,50,-23.006684,-43.313014,2025-02-20 12:43:16,0.0,,volta,50 - JARDIM OCEÂNICO X  TERMINAL CENTRO OLIMPICO (PARADOR) [VOLTA],148230.7,81,1
E902002,,42,-22.865698,-43.334417,2025-02-20 12:43:04,12.0,,ida,42 - GALEÃO X MADUREIRA MANANCEIA (PARADOR) [IDA],102104.4,204,1
901095,,53,-23.000871,-43.365171,2025-02-20 12:25:36,0.0,,volta,53 - ALVORADA X SULACAP (EXPRESSO) [VOLTA],54136.2, ,0
902069,,40,-23.001379,-43.367645,2025-02-20 12:37:26,0.0,,ida,40 - PAULO DA PORTELA X ALVORADA (EXPRESSO) [IDA],128289.7,81,1
902094,,40,-22.879481,-43.341651,2025-02-20 12:43:13,39.9,,ida,40 - PAULO DA PORTELA X ALVORADA (EXPRESSO) [IDA],99550.7,214,1
903068,,17,-22.902436,-43.55918,2025-02-20 12:43:02,22.0,,ida,17 - CAMPO GRANDE  X SANTA CRUZ (PARADOR) [IDA],103018.2,257,1
901097,,22,-23.001286,-43.329223,2025-02-20 12:43:10,13.5,,ida,22 - ALVORADA X JARDIM OCEÂNICO (PARADOR) [IDA],163742.7,111,1
902081,,41,-22.893839,-43.349131,2025-02-20 12:43:14,55.7,,volta,41 - TERMINAL RECREIO X PAULO DA PORTELA (EXPRESSO) [VOLTA],105614.1,24,1
902075,,40,-23.001235,-43.364281,2025-02-20 12:19:08,9.2,,volta,40 - ALVORADA X PAULO DA PORTELA (EXPRESSO) [VOLTA],75980.2,12,1
902013,,50,-23.006475,-43.313409,2025-02-20 12:43:09,0.0,,volta,50 - JARDIM OCEÂNICO X  TERMINAL CENTRO OLIMPICO (PARADOR) [VOLTA],153860.4,271,1
902082,,41,-23.00843,-43.440757,2025-02-20 12:43:15,0.0,,volta,41 - TERMINAL RECREIO X PAULO DA PORTELA (EXPRESSO) [VOLTA],105164.9, ,1
903062,,17,-22.931851,-43.657405,2025-02-20 12:43:13,0.0,,ida,17 - CAMPO GRANDE  X SANTA CRUZ (PARADOR) [IDA],85425.8,231,1
902089,,41,-22.878347,-43.33634,2025-02-20 12:43:15,0.0,,ida,41 - PAULO DA PORTELA X TERMINAL RECREIO (EXPRESSO) [IDA],108184.8, ,1
903041,,17,-22.92176,-43.679891,2025-02-20 12:43:16,21.5,,ida,17 - CAMPO GRANDE  X SANTA CRUZ (PARADOR) [IDA],82489.4,318,1
903051,,17,-22.901759,-43.55624,2025-02-20 12:21:33,23.6,,volta,17 - SANTA CRUZ X CAMPO GRANDE (PARADOR) [VOLTA],132777.5,53,1
902055,,46,-22.928817,-43.373442,2025-02-20 12:43:14,25.1,,volta,46 - ALVORADA X PENHA (EXPRESSO) [VOLTA],50181.8,356,1
903044,,17,-22.905049,-43.556909,2025-02-20 12:42:55,21.2,,volta,17 - SANTA CRUZ X CAMPO GRANDE (PARADOR) [VOLTA],154142.8,74,1
902086,,41,-22.963122,-43.393604,2025-02-20 12:43:06,0.0,,volta,41 - TERMINAL RECREIO X PAULO DA PORTELA (EXPRESSO) [VOLTA],103481.2,35,1
903036,,17,-22.928292,-43.676787,2025-02-20 12:43:07,34.0,,volta,17 - SANTA CRUZ X CAMPO GRANDE (PARADOR) [VOLTA],83132.7,132,1
902043,,31,-23.002543,-43.365532,2025-02-20 11:48:10,23.8,,volta,31 - ALVORADA X VICENTE DE CARVALHO (SEMIDIRETO) [VOLTA],176430.4,57,1
902036,,31,-23.000973,-43.364453,2025-02-20 11:39:23,12.6,,volta,31 - ALVORADA X VICENTE DE CARVALHO (SEMIDIRETO) [VOLTA],173698.1,300,1
903039,,17,-22.917914,-43.683312,2025-02-20 12:43:11,15.8,,volta,17 - SANTA CRUZ X CAMPO GRANDE (PARADOR) [VOLTA],132942.9,95,1
903047,,17,-22.920083,-43.608419,2025-02-20 12:01:58,0.0,,volta,17 - SANTA CRUZ X CAMPO GRANDE (PARADOR) [VOLTA],137250.0, ,0
902074,,41,-22.970219,-43.400315,2025-02-20 12:41:15,34.8,,ida,41 - PAULO DA PORTELA X TERMINAL RECREIO (EXPRESSO) [IDA],104939.9,219,1
902039,,46,-22.962212,-43.390342,2025-02-20 12:43:05,38.8,,volta,46 - ALVORADA X PENHA (EXPRESSO) [VOLTA],161241.1,355,1
903040,,17,-22.918092,-43.607087,2025-02-20 12:43:10,0.0,,volta,17 - SANTA CRUZ X CAMPO GRANDE (PARADOR) [VOLTA],100578.3, ,1
902044,,31,-23.002161,-43.365891,2025-02-20 12:04:00,0.0,,volta,31 - ALVORADA X VICENTE DE CARVALHO (SEMIDIRETO) [VOLTA],138362.5, ,0
902038,,46,-22.854919,-43.251984,2024-09-28 21:00:16,0.0,,ida,46 - PENHA X ALVORADA (EXPRESSO) [IDA],107501.8, ,0
903048,,17,-22.914169,-43.601276,2025-02-20 12:42:58,20.8,,volta,17 - SANTA CRUZ X CAMPO GRANDE (PARADOR) [VOLTA],113894.8,84,1
902041,,43,-22.964675,-43.39184,2025-02-20 12:10:47,0.0,,ida,43 - FUNDÃO X SANTA EFIGENIA (EXPRESSO) [IDA],175187.7, ,0
903064,,17,-22.901988,-43.555339,2025-02-20 12:37:06,11.9,,ida,17 - CAMPO GRANDE  X SANTA CRUZ (PARADOR) [IDA],144571.3,85,1
902037,,46,-22.964626,-43.39183,2025-02-20 12:18:11,0.0,,ida,46 - PENHA X ALVORADA (EXPRESSO) [IDA],174841.3, ,0
903069,,17,-22.90186,-43.554885,2025-02-20 12:43:03,5.1,,ida,17 - CAMPO GRANDE  X SANTA CRUZ (PARADOR) [IDA],81808.3,74,1
902034,,46,-22.973291,-43.378706,2025-02-20 12:43:15,44.6,,ida,46 - PENHA X ALVORADA (EXPRESSO) [IDA],175329.2,91,1
902088,,40,-23.001279,-43.365419,2025-02-20 11:58:47,26.2,,volta,40 - ALVORADA X PAULO DA PORTELA (EXPRESSO) [VOLTA],79357.3,89,1
902042,,41,-22.854818,-43.2521,2025-01-06 12:35:57,0.0,,volta,41 - TERMINAL RECREIO X PAULO DA PORTELA (EXPRESSO) [VOLTA],159688.0, ,0
902040,,46,-23.001428,-43.367846,2025-02-20 12:41:05,0.0,,volta,46 - ALVORADA X PENHA (EXPRESSO) [VOLTA],163379.1, ,1
903049,,17,-22.803935,-43.341348,2025-02-20 12:24:58,0.0,,volta,17 - SANTA CRUZ X CAMPO GRANDE (PARADOR) [VOLTA],84240.3, ,0
903038,,14,-23.00818,-43.440506,2025-02-20 12:40:08,0.0,,volta,14 - TERMINAL RECREIO x SANTA EUGÊNIA (EXPRESSO) [VOLTA],125348.4,263,0
903053,,14,-23.008366,-43.440803,2025-02-20 12:36:50,0.0,,volta,14 - TERMINAL RECREIO x SANTA EUGÊNIA (EXPRESSO) [VOLTA],142991.2,209,0
903042,,17,-22.928349,-43.6538,2025-02-20 12:42:58,23.8,,ida,17 - CAMPO GRANDE  X SANTA CRUZ (PARADOR) [IDA],12528.7,232,1
902087,,41,-22.963359,-43.393979,2025-02-20 12:43:07,8.8,,ida,41 - PAULO DA PORTELA X TERMINAL RECREIO (EXPRESSO) [IDA],106262.7,222,1
903050,,14,-23.008566,-43.439853,2025-02-20 11:25:01,0.0,,volta,14 - TERMINAL RECREIO x SANTA EUGÊNIA (EXPRESSO) [VOLTA],0.0,35,0
903067,,17,-22.911299,-43.58973,2025-02-20 12:43:13,22.3,,ida,17 - CAMPO GRANDE  X SANTA CRUZ (PARADOR) [IDA],84292.7,240,1
RJG7D29 MOTO,RJG7D29,0,-22.968334,-43.62081,2025-02-20 12:43:03,0.0,,,,20428.6,257,1
902076,,31,-22.973263,-43.378911,2025-02-20 12:43:05,35.8,,ida,31 - VICENTE DE CARVALHO X ALVORADA (SEMIDIRETO) [IDA],121371.0,91,1
902083,,40,-22.877624,-43.33674,2025-02-20 12:43:08,0.0,,ida,40 - PAULO DA PORTELA X ALVORADA (EXPRESSO) [IDA],91984.3, ,1
902096,,40,-23.001423,-43.367388,2025-02-20 12:24:42,0.0,,volta,40 - ALVORADA X PAULO DA PORTELA (EXPRESSO) [VOLTA],101991.0,86,1
902084,,40,-23.00092,-43.36473,2025-02-20 12:34:34,0.0,,volta,40 - ALVORADA X PAULO DA PORTELA (EXPRESSO) [VOLTA],82245.6,264,1
902100,,41,-22.876875,-43.330421,2025-02-20 12:43:05,0.0,,volta,41 - TERMINAL RECREIO X PAULO DA PORTELA (EXPRESSO) [VOLTA],103637.2, ,1
903059,,14,-23.008298,-43.44074,2025-02-20 12:25:03,0.0,,volta,14 - TERMINAL RECREIO x SANTA EUGÊNIA (EXPRESSO) [VOLTA],93977.7,199,0
903043,,17,-22.920157,-43.608632,2025-02-06 17:01:42,0.0,,volta,17 - SANTA CRUZ X CAMPO GRANDE (PARADOR) [VOLTA],135295.3, ,1
902079,,46,-22.998343,-43.367317,2025-02-20 12:43:15,53.5,,volta,46 - ALVORADA X PENHA (EXPRESSO) [VOLTA],11603.1,46,1
903066,,14,-23.00831,-43.440707,2025-02-20 12:13:26,0.0,,volta,14 - TERMINAL RECREIO x SANTA EUGÊNIA (EXPRESSO) [VOLTA],149897.5,208,0
902098,,40,-23.001367,-43.367417,2025-02-20 12:22:01,0.0,,volta,40 - ALVORADA X PAULO DA PORTELA (EXPRESSO) [VOLTA],95450.2,112,1
902099,,40,-22.876846,-43.330149,2025-02-20 12:42:15,0.0,,ida,40 - PAULO DA PORTELA X ALVORADA (EXPRESSO) [IDA],102594.0, ,0
902093,,40,-22.952974,-43.375142,2025-02-20 12:43:03,44.4,,ida,40 - PAULO DA PORTELA X ALVORADA (EXPRESSO) [IDA],107517.7,210,1
902091,,41,-23.008633,-43.44077,2025-02-20 12:43:07,0.0,,volta,41 - TERMINAL RECREIO X PAULO DA PORTELA (EXPRESSO) [VOLTA],115487.1, ,1
901099,,35,-22.967999,-43.390722,2025-02-20 12:37:32,17.0,,ida,35 - MADUREIRA X ALVORADA (PARADOR) [IDA],170291.7,196,1
902213,,51,-22.928168,-43.395906,2025-02-20 12:42:53,0.0,,ida,51 - T. DEODORO X T. RECREIO (PARADOR) [IDA],59075.4,90,1
903046,,17,-22.92254,-43.683173,2025-02-20 12:42:56,28.9,,volta,17 - SANTA CRUZ X CAMPO GRANDE (PARADOR) [VOLTA],155828.7,135,1
902077,,46,-22.964559,-43.391721,2025-02-20 12:30:09,0.0,,ida,46 - PENHA X ALVORADA (EXPRESSO) [IDA],170575.9,67,0
902104,,43,-22.839803,-43.240248,2025-02-20 12:13:59,0.0,,ida,43 - FUNDÃO X SANTA EFIGENIA (EXPRESSO) [IDA],103620.6, ,0
902106,,41,-22.876921,-43.330045,2025-02-20 11:46:26,0.0,,volta,41 - TERMINAL RECREIO X PAULO DA PORTELA (EXPRESSO) [VOLTA],86406.0, ,0
902108,,40,-22.884031,-43.342596,2025-02-20 12:43:01,45.3,,volta,40 - ALVORADA X PAULO DA PORTELA (EXPRESSO) [VOLTA],74822.3,17,1
902109,,40,-22.965588,-43.390423,2025-02-20 12:43:11,60.2,,ida,40 - PAULO DA PORTELA X ALVORADA (EXPRESSO) [IDA],80648.7,181,1
903061,,17,-22.920095,-43.60833,2025-02-15 00:35:53,0.0,,volta,17 - SANTA CRUZ X CAMPO GRANDE (PARADOR) [VOLTA],56693.5, ,0
903070,,14,-23.00847,-43.439718,2025-02-20 12:15:24,0.0,,volta,14 - TERMINAL RECREIO x SANTA EUGÊNIA (EXPRESSO) [VOLTA],95740.4, ,0
902126,,18,-23.012752,-43.459716,2025-02-20 12:43:02,35.0,,ida,18 - PONTAL X JARDIM OCEÂNICO (EXPRESSO) [IDA],107184.9,62,1
902132,,18,-23.000549,-43.385327,2025-02-20 12:43:09,49.7,,ida,18 - PONTAL X JARDIM OCEÂNICO (EXPRESSO) [IDA],108910.1,89,1
902156,,25,-23.007488,-43.544572,2025-02-20 12:43:15,54.5,,ida,25 - MATO ALTO X ALVORADA (PARADOR) [IDA],159553.4,274,1
902151,,22,-22.96493,-43.647249,2025-02-20 12:43:07,1.1,,ida,22 - ALVORADA X JARDIM OCEÂNICO (PARADOR) [IDA],150217.2,307,1
902131,,18,-23.006596,-43.314741,2025-02-20 12:34:51,0.0,,volta,18 - JARDIM OCEÂNICO X PONTAL (EXPRESSO) [VOLTA],112897.2,97,0
902153,,10,-23.000414,-43.389223,2025-02-20 12:43:04,47.0,,volta,10 - ALVORADA X SANTA CRUZ (EXPRESSO) [VOLTA],129390.1,273,1
902137,,15,-23.0083,-43.443153,2025-02-20 12:43:11,10.9,,volta,15 - ALVORADA X CURRAL FALSO [VOLTA],122417.9,255,1
902129,,13,-23.000728,-43.364379,2025-02-20 11:45:14,5.7,,volta,13 - ALVORADA X  MATO ALTO (EXPRESSO) [VOLTA],139749.0,135,1
902128,,10,-22.936929,-43.666946,2025-02-20 12:43:10,21.3,,volta,10 - ALVORADA X SANTA CRUZ (EXPRESSO) [VOLTA],146848.1,2,1
902314,,51,-22.990185,-43.418583,2025-02-20 12:42:48,35.2,,ida,51 - T. DEODORO X T. RECREIO (PARADOR) [IDA],52402.3,232,1
901138,,28,-22.966768,-43.642431,2025-02-20 12:43:08,34.0,,volta,28 - CURRAL FALSO X PINGO D'ÁGUA [VOLTA],3298.0,284,1
902146,,10,-23.020854,-43.493552,2025-02-20 12:42:59,41.9,,volta,10 - ALVORADA X SANTA CRUZ (EXPRESSO) [VOLTA],155978.2,263,1
902144,,12,-23.002536,-43.366599,2025-02-20 11:56:16,0.0,,volta,12 - ALVORADA X PINGO D'AGUA (EXPRESSO) [VOLTA],124553.9, ,0
902434,,60,-22.820931,-43.324432,2025-02-20 12:40:59,0.0,,volta,60 - TIG  X  TERMINAL DEODORO (PARADOR) [VOLTA],58661.1,118,0
902451,,90,-22.883465,-43.23676,2025-02-20 12:43:08,0.0,,volta,90 - TIG x FUNDÃO (PARADOR) [VOLTA],60899.7,317,1
902150,,22,-23.006766,-43.312873,2025-02-20 11:16:55,0.0,,volta,22 - JARDIM OCEÂNICO X ALVORADA (PARADOR) [VOLTA],136438.0, ,0
902325,,61,-22.820796,-43.324712,2025-02-20 12:32:54,0.0,,ida,61 - TERMINAL DEODORO X TIG (EXPRESSO) [IDA],32794.699,291,0
902349,,60,-22.898878,-43.211283,2025-02-20 12:37:21,0.0,,volta,60 - TIG  X  TERMINAL DEODORO (PARADOR) [VOLTA],1182.5,120,0
902369,,60,-22.849528,-43.398726,2025-02-20 12:19:22,0.0,,ida,60 - TERMINAL DEODORO X TIG (PARADOR) [IDA],3341.5,298,0
902239,,10,-22.993682,-43.596882,2025-02-20 12:43:14,0.0,,volta,10 - ALVORADA X SANTA CRUZ (EXPRESSO) [VOLTA],73881.5,301,1
902335,,60,-22.853567,-43.384178,2025-02-20 12:43:10,0.0,,ida,60 - TERMINAL DEODORO X TIG (PARADOR) [IDA],66400.2,296,1
902338,,60,-22.827031,-43.340055,2025-02-20 12:43:07,58.6,,ida,60 - TERMINAL DEODORO X TIG (PARADOR) [IDA],60074.9,68,1
902298,,22,-23.006419,-43.312999,2025-02-20 12:43:09,0.0,,volta,22 - JARDIM OCEÂNICO X ALVORADA (PARADOR) [VOLTA],51877.5,271,1
902402,,51,-22.853934,-43.383978,2025-02-20 12:42:50,0.0,,ida,51 - T. DEODORO X T. RECREIO (PARADOR) [IDA],3525.7,298,1
861039050254990,,0,-23.524419,-46.625555,2024-03-21 19:53:27,0.0,,,,9070.9,180,
902431,,0,-22.874869,-43.243279,2025-02-20 12:42:55,47.9,,,,30387.5,324,1
902299,,22,-23.001026,-43.365996,2025-02-20 12:42:56,6.3,,ida,22 - ALVORADA X JARDIM OCEÂNICO (PARADOR) [IDA],59432.0,255,1
902321,,60,-22.814981,-43.291847,2025-02-20 12:42:50,0.0,,volta,60 - TIG  X  TERMINAL DEODORO (PARADOR) [VOLTA],34662.6,284,1
902300,,61,-22.898715,-43.211138,2025-02-20 12:43:05,0.0,,volta,61 - TIG  X  TERMINAL DEODORO (EXPRESSO) [VOLTA],68036.7,296,1
902327,,0,-22.850784,-43.384135,2025-02-20 12:43:06,23.4,,,,0.0,321,1
902326,,60,-22.828875,-43.272197,2025-02-20 12:43:07,42.1,,ida,60 - TERMINAL DEODORO X TIG (PARADOR) [IDA],72683.1,131,1
902262,,10,-22.972347,-43.401345,2025-02-20 12:42:40,0.0,,ida,10 - SANTA CRUZ X ALVORADA (EXPRESSO) [IDA],57435.4,218,1
902308,,61,-22.820309,-43.324662,2025-02-20 12:25:17,0.0,,volta,61 - TIG  X  TERMINAL DEODORO (EXPRESSO) [VOLTA],29730.9, ,0
902337,,71,-22.82086,-43.324893,2025-02-20 12:27:05,0.0,,ida,71 - VIGÁRIO GERAL / PRAÇA DOIS X TIG (EXPRESSO) [iDA],68152.1,298,0
902305,,60,-22.898311,-43.211778,2025-02-20 12:43:03,0.0,,volta,60 - TIG  X  TERMINAL DEODORO (PARADOR) [VOLTA],71598.9,130,1
902328,,90,-22.838843,-43.240322,2025-02-20 12:43:13,0.0,,ida,90 - FUNDÃO X TIG (PARADOR) [IDA],62030.6,136,1
902449,,31,-22.854704,-43.251622,2025-02-20 12:43:16,0.0,,ida,31 - VICENTE DE CARVALHO X ALVORADA (SEMIDIRETO) [IDA],34665.1,262,0
902303,,51,-22.98143,-43.409781,2025-02-20 12:42:54,0.0,,volta,51 - T. RECREIO X T.DEODORO (PARADOR) [VOLTA],64307.7,41,1
902315,,52,-22.850099,-43.39799,2025-02-20 10:18:55,0.0,,ida,52 - T. DEODORO X T. ALVORADA (PARADOR) [IDA],70645.2,212,1
902304,,60,-22.848695,-43.247214,2025-02-20 12:42:48,58.7,,ida,60 - TERMINAL DEODORO X TIG (PARADOR) [IDA],76709.3,174,1
902306,,51,-22.963486,-43.394135,2025-02-20 12:42:55,19.0,,ida,51 - T. DEODORO X T. RECREIO (PARADOR) [IDA],61362.1,223,1
902307,,61,-22.840393,-43.239787,2025-02-20 12:42:54,0.0,,ida,61 - TERMINAL DEODORO X TIG (EXPRESSO) [IDA],62426.5,232,1
902364,,61,-22.852736,-43.383007,2025-02-20 12:42:55,26.3,,volta,61 - TIG  X  TERMINAL DEODORO (EXPRESSO) [VOLTA],55594.7,187,1
902414,,61,-22.8202,-43.324881,2025-02-20 12:22:38,0.0,,volta,61 - TIG  X  TERMINAL DEODORO (EXPRESSO) [VOLTA],63488.9,309,0
902312,,0,-23.000988,-43.365039,2025-02-20 12:38:52,0.0,,,,64192.7, ,0
902362,,0,-23.00089,-43.365195,2025-02-20 12:16:11,0.0,,,,59364.1,138,0
Etios KYO8080,KYO8080,0,-22.865316,-43.422488,2025-02-20 12:43:14,58.6,,,,44214.7,258,1
902127,,13,-23.000551,-43.386368,2025-02-20 12:42:56,49.2,,ida,13 - MATO ALTO X ALVORADA (EXPRESSO) [IDA],123335.6,90,1
902454,,31,-23.002217,-43.366251,2025-02-20 12:36:02,0.0,,volta,31 - ALVORADA X VICENTE DE CARVALHO (SEMIDIRETO) [VOLTA],61675.9, ,0
902439,,46,-22.860105,-43.329761,2025-02-20 12:42:55,57.0,,ida,46 - PENHA X ALVORADA (EXPRESSO) [IDA],46816.9,189,1
901100,,67,-22.853528,-43.384084,2025-02-20 12:42:50,0.0,,volta,67 - TERMINAL DEODORO X CAMPO GRANDE [VOLTA],2092.199,268,1
902445,,90,-22.854685,-43.251647,2025-02-20 12:35:57,0.0,,ida,90 - FUNDÃO X TIG (PARADOR) [IDA],62933.1,257,0
902353,,0,-22.889246,-43.22065,2025-02-20 12:43:01,54.3,,,,2001.4,271,1
902316,,61,-22.8539,-43.384515,2025-02-20 12:43:01,5.4,,ida,61 - TERMINAL DEODORO X TIG (EXPRESSO) [IDA],65089.5,111,1
902145,,10,-23.009777,-43.539606,2025-02-20 12:43:01,53.0,,ida,10 - SANTA CRUZ X ALVORADA (EXPRESSO) [IDA],190211.4,126,1
902354,,51,-22.971194,-43.401208,2025-02-20 12:43:14,34.9,,ida,51 - T. DEODORO X T. RECREIO (PARADOR) [IDA],29394.8,221,1
902149,,13,-23.000819,-43.366328,2025-02-20 12:42:56,0.0,,volta,13 - ALVORADA X  MATO ALTO (EXPRESSO) [VOLTA],100309.6, ,1
902317,,0,-22.850092,-43.397913,2025-02-20 09:13:27,0.0,,,,70995.5,355,1
902214,,15,-23.000766,-43.365943,2025-02-20 12:43:15,0.0,,volta,15 - ALVORADA X CURRAL FALSO [VOLTA],123161.6, ,1
902443,,22,-23.000952,-43.365035,2025-02-20 12:42:55,17.0,,ida,22 - ALVORADA X JARDIM OCEÂNICO (PARADOR) [IDA],35280.3,267,1
902136,,10,-22.920811,-43.680799,2025-02-20 12:43:08,10.2,,volta,10 - ALVORADA X SANTA CRUZ (EXPRESSO) [VOLTA],124593.1,318,1
902142,,22,-23.006755,-43.312619,2025-02-20 12:43:10,0.0,,volta,22 - JARDIM OCEÂNICO X ALVORADA (PARADOR) [VOLTA],120897.7,45,1
902143,,10,-22.919833,-43.607332,2025-02-20 12:42:57,0.0,,ida,10 - SANTA CRUZ X ALVORADA (EXPRESSO) [IDA],2938.2, ,1
902301,,60,-22.85413,-43.383955,2025-02-20 12:43:01,0.0,,ida,60 - TERMINAL DEODORO X TIG (PARADOR) [IDA],71618.8,115,1
902329,,60,-22.898354,-43.211872,2025-02-20 12:43:17,0.0,,volta,60 - TIG  X  TERMINAL DEODORO (PARADOR) [VOLTA],72877.3,133,1
902456,,90,-22.854718,-43.251927,2025-01-06 14:36:36,0.0,,ida,90 - FUNDÃO X TIG (PARADOR) [IDA],24125.3,159,0
902148,,12,-23.021124,-43.494618,2025-02-20 12:43:13,43.1,,ida,12 - PINGO D'AGUA X ALVORADA (EXPRESSO) [IDA],148108.3,85,1
902139,,10,-23.001536,-43.574116,2025-02-20 12:43:04,59.7,,volta,10 - ALVORADA X SANTA CRUZ (EXPRESSO) [VOLTA],132909.0,284,1
902165,,25,-23.00027,-43.40036,2025-02-20 12:43:00,59.1,,ida,25 - MATO ALTO X ALVORADA (PARADOR) [IDA],2208.0,93,1
902135,,13,-22.918444,-43.607088,2025-02-20 12:23:53,0.0,,ida,13 - MATO ALTO X ALVORADA (EXPRESSO) [IDA],238815.5, ,0
902134,,18,-23.00668,-43.313854,2025-02-20 12:14:21,0.0,,volta,18 - JARDIM OCEÂNICO X PONTAL (EXPRESSO) [VOLTA],124621.0,97,0
902124,,0,-22.920072,-43.608273,2025-02-20 12:24:02,0.0,,,,90790.1, ,0
902138,,12,-22.969355,-43.625386,2025-02-20 12:43:02,58.5,,ida,12 - PINGO D'AGUA X ALVORADA (EXPRESSO) [IDA],103703.3,78,1
902161,,13,-22.993124,-43.597498,2025-02-20 12:43:13,0.0,,ida,13 - MATO ALTO X ALVORADA (EXPRESSO) [IDA],70040.9,301,1
902147,,25,-23.000532,-43.382935,2025-02-20 12:42:46,0.0,,ida,25 - MATO ALTO X ALVORADA (PARADOR) [IDA],5883.6,98,1
902332,,11,-22.849351,-43.3981,2025-02-20 12:43:00,0.0,,ida,11 - SANTA CRUZ X ALVORADA (PARADOR) [IDA],61607.3, ,1
902320,,60,-22.899112,-43.21078,2025-02-20 12:43:07,0.0,,volta,60 - TIG  X  TERMINAL DEODORO (PARADOR) [VOLTA],72285.9,104,1
902322,,61,-22.849698,-43.397583,2025-02-20 12:17:14,0.0,,ida,61 - TERMINAL DEODORO X TIG (EXPRESSO) [IDA],70001.9, ,0
902396,,61,-22.898503,-43.211637,2025-02-20 12:42:57,0.0,,volta,61 - TIG  X  TERMINAL DEODORO (EXPRESSO) [VOLTA],3703.3,134,0
902350,,71,-22.820645,-43.325288,2025-02-20 12:27:57,0.0,,ida,71 - VIGÁRIO GERAL / PRAÇA DOIS X TIG (EXPRESSO) [iDA],3810.2,304,0
902387,,60,-22.85073,-43.384154,2025-02-20 12:43:16,13.7,,ida,60 - TERMINAL DEODORO X TIG (PARADOR) [IDA],3236.0,314,1
902341,,60,-22.820479,-43.3246,2025-02-20 12:30:47,0.0,,ida,60 - TERMINAL DEODORO X TIG (PARADOR) [IDA],4310.2,225,0
902347,,61,-22.842545,-43.254336,2025-02-08 08:18:41,0.0,,ida,61 - TERMINAL DEODORO X TIG (EXPRESSO) [IDA],44593.5,286,0
902374,,71,-22.818098,-43.308278,2025-02-20 12:43:06,56.2,,ida,71 - VIGÁRIO GERAL / PRAÇA DOIS X TIG (EXPRESSO) [iDA],1974.5,235,1
902363,,71,-22.820982,-43.32424,2025-02-20 12:43:03,0.0,,ida,71 - VIGÁRIO GERAL / PRAÇA DOIS X TIG (EXPRESSO) [iDA],3945.5,74,0
902371,,0,-22.839817,-43.240106,2025-02-20 12:13:24,0.0,,,,3577.6,12,0
902400,,60,-22.820227,-43.324557,2025-02-20 12:38:46,0.0,,ida,60 - TERMINAL DEODORO X TIG (PARADOR) [IDA],1482.9,299,0
902408,,61,-22.84793,-43.396555,2025-02-13 03:45:26,0.0,,ida,61 - TERMINAL DEODORO X TIG (EXPRESSO) [IDA],42378.5,54,1
902360,,71,-22.820364,-43.324331,2025-02-20 12:35:17,0.0,,ida,71 - VIGÁRIO GERAL / PRAÇA DOIS X TIG (EXPRESSO) [iDA],3545.9,297,0
902230,,13,-23.00843,-43.443735,2025-02-20 12:43:00,0.0,,ida,13 - MATO ALTO X ALVORADA (EXPRESSO) [IDA],113574.0,268,1
902197,,25,-23.00051,-43.382109,2025-02-20 12:41:41,32.5,,volta,25 - ALVORADA X MATO ALTO (PARADOR) [VOLTA],143301.3,89,1
902191,,15,-23.001056,-43.365208,2025-02-20 11:27:07,3.7,,volta,15 - ALVORADA X CURRAL FALSO [VOLTA],140430.4,251,1
902201,,18,-23.020711,-43.499915,2025-02-20 12:43:13,0.4,,ida,18 - PONTAL X JARDIM OCEÂNICO (EXPRESSO) [IDA],142594.7,108,1
902172,,13,-23.00034,-43.366892,2025-02-20 12:35:23,15.0,,ida,13 - MATO ALTO X ALVORADA (EXPRESSO) [IDA],140571.5,155,1
902179,,15,-23.001072,-43.366001,2025-02-20 11:50:07,22.2,,volta,15 - ALVORADA X CURRAL FALSO [VOLTA],109994.4,268,1
902182,,25,-23.000986,-43.364325,2025-02-20 12:39:48,0.0,,volta,25 - ALVORADA X MATO ALTO (PARADOR) [VOLTA],127630.7,215,1
902192,,12,-23.007016,-43.437241,2025-02-20 12:43:13,46.7,,ida,12 - PINGO D'AGUA X ALVORADA (EXPRESSO) [IDA],136121.7,74,1
902188,,25,-23.000956,-43.367982,2025-02-20 12:25:58,17.7,,volta,25 - ALVORADA X MATO ALTO (PARADOR) [VOLTA],135545.7,285,1
902181,,22,-23.006911,-43.312864,2025-02-20 12:23:08,0.0,,volta,22 - JARDIM OCEÂNICO X ALVORADA (PARADOR) [VOLTA],133036.2, ,0
902196,,12,-23.002219,-43.366173,2025-02-20 12:07:51,0.0,,volta,12 - ALVORADA X PINGO D'AGUA (EXPRESSO) [VOLTA],80977.5, ,0
902169,,25,-23.01447,-43.466587,2025-02-20 12:43:01,24.3,,ida,25 - MATO ALTO X ALVORADA (PARADOR) [IDA],124570.1,72,1
902183,,10,-22.927786,-43.67727,2025-02-20 12:40:56,20.3,,ida,10 - SANTA CRUZ X ALVORADA (EXPRESSO) [IDA],142647.4,118,1
902167,,13,-23.021168,-43.496222,2025-02-20 12:43:15,42.6,,ida,13 - MATO ALTO X ALVORADA (EXPRESSO) [IDA],148428.9,91,1
902162,,19,-22.999647,-43.407079,2025-02-20 12:42:57,6.4,,ida,19 - PINGO D'AGUA X SALVADOR ALLENDE (EXPRESSO) [IDA],117833.5,307,1
902483,,67,-22.848569,-43.397508,2025-02-20 12:43:16,0.0,,ida,67 - CAMPO GRANDE X TERMINAL DEODORO [IDA],2972.4,305,0
902330,,60,-22.820659,-43.325131,2025-02-20 12:31:57,0.0,,ida,60 - TERMINAL DEODORO X TIG (PARADOR) [IDA],3913.0,278,0
902479,,68,-22.875086,-43.462511,2025-02-20 12:42:51,0.0,,ida,68 - BANGU X TERMINAL DEODORO [IDA],1189.8,174,1
902459,,68,-22.85371,-43.384183,2025-02-20 12:43:00,0.0,,volta,68 - TERMINAL DEODORO X BANGU [VOLTA],1736.5,242,1
902356,,71,-22.821141,-43.323307,2025-02-20 12:23:27,33.5,,ida,71 - VIGÁRIO GERAL / PRAÇA DOIS X TIG (EXPRESSO) [iDA],123619.4,296,1
902345,,60,-22.850145,-43.398178,2025-02-20 12:43:08,0.0,,ida,60 - TERMINAL DEODORO X TIG (PARADOR) [IDA],3533.1,148,1
902480,,68,-22.85371,-43.383756,2025-02-20 12:42:47,21.7,,volta,68 - TERMINAL DEODORO X BANGU [VOLTA],1158.6,306,1
902470,,67,-22.848516,-43.397524,2025-02-20 12:43:11,0.0,,ida,67 - CAMPO GRANDE X TERMINAL DEODORO [IDA],1757.4,293,0
902465,,68,-22.848463,-43.396331,2025-02-20 12:39:04,0.0,,ida,68 - BANGU X TERMINAL DEODORO [IDA],848.0,11,0
902458,,68,-22.854264,-43.391289,2025-02-20 12:43:15,22.7,,volta,68 - TERMINAL DEODORO X BANGU [VOLTA],1300.5,173,1
902460,,68,-22.87455,-43.462215,2025-02-20 12:43:17,8.6,,ida,68 - BANGU X TERMINAL DEODORO [IDA],1169.1,242,1
902476,,68,-22.869336,-43.450222,2025-02-20 12:42:49,0.0,,ida,68 - BANGU X TERMINAL DEODORO [IDA],1812.4,66,1
902461,,68,-22.86901,-43.437893,2025-02-20 12:43:01,32.1,,volta,68 - TERMINAL DEODORO X BANGU [VOLTA],203.2,274,1
902469,,67,-22.854028,-43.383706,2025-02-20 12:42:54,0.0,,volta,67 - TERMINAL DEODORO X CAMPO GRANDE [VOLTA],2715.5,110,1
902473,,67,-22.861743,-43.447976,2025-02-20 12:43:11,42.1,,ida,67 - CAMPO GRANDE X TERMINAL DEODORO [IDA],2450.1,100,1
902482,,67,-22.854489,-43.396139,2025-02-20 12:43:17,57.5,,ida,67 - CAMPO GRANDE X TERMINAL DEODORO [IDA],1951.3,60,1
902310,,60,-22.831909,-43.353002,2025-02-20 12:43:07,43.9,,ida,60 - TERMINAL DEODORO X TIG (PARADOR) [IDA],70331.5,67,1
902486,,67,-22.853835,-43.384104,2025-02-20 12:43:10,0.0,,volta,67 - TERMINAL DEODORO X CAMPO GRANDE [VOLTA],1948.3,197,1
902176,,13,-23.000712,-43.366058,2025-02-20 11:41:13,0.0,,volta,13 - ALVORADA X  MATO ALTO (EXPRESSO) [VOLTA],125789.9, ,1
902180,,13,-23.000774,-43.364354,2025-02-20 12:28:55,15.9,,volta,13 - ALVORADA X  MATO ALTO (EXPRESSO) [VOLTA],128080.8,149,1
902164,,10,-22.919986,-43.6085,2025-02-05 22:10:26,0.0,,ida,10 - SANTA CRUZ X ALVORADA (EXPRESSO) [IDA],119984.4, ,0
902160,,25,-23.000988,-43.367209,2025-02-20 12:41:01,0.0,,volta,25 - ALVORADA X MATO ALTO (PARADOR) [VOLTA],124907.2,136,1
902174,,10,-22.99729,-43.592369,2025-02-20 12:41:43,49.4,,ida,10 - SANTA CRUZ X ALVORADA (EXPRESSO) [IDA],124589.4,115,1
902173,,25,-23.000723,-43.364656,2025-02-20 12:29:27,0.0,,volta,25 - ALVORADA X MATO ALTO (PARADOR) [VOLTA],149447.6,86,1
902170,,11,-22.92011,-43.60846,2025-01-09 12:29:09,0.0,,ida,11 - SANTA CRUZ X ALVORADA (PARADOR) [IDA],53404.5,273,0
902130,,25,-23.004117,-43.427315,2025-02-20 12:43:05,60.1,,volta,25 - ALVORADA X MATO ALTO (PARADOR) [VOLTA],116600.9,70,1
902158,,12,-23.00221,-43.366113,2025-02-20 12:04:14,0.0,,volta,12 - ALVORADA X PINGO D'AGUA (EXPRESSO) [VOLTA],138634.4,222,0
902166,,10,-22.928183,-43.676965,2025-02-20 12:42:36,25.4,,ida,10 - SANTA CRUZ X ALVORADA (EXPRESSO) [IDA],141597.0,132,1
902163,,25,-23.000828,-43.365352,2025-02-20 11:59:08,7.7,,volta,25 - ALVORADA X MATO ALTO (PARADOR) [VOLTA],151626.0,289,1
902168,SRM2J21,25,-22.855221,-43.252153,2025-02-20 12:38:46,0.0,,ida,25 - MATO ALTO X ALVORADA (PARADOR) [IDA],9609.0, ,0
902140,,10,-23.006156,-43.555046,2025-02-20 12:43:16,49.4,,ida,10 - SANTA CRUZ X ALVORADA (EXPRESSO) [IDA],131466.9,103,1
902159,,15,-22.993829,-43.59659,2025-02-20 12:38:13,0.0,,ida,15 - CURRAL FALSO X ALVORADA [IDA],151814.4, ,1
902484,,67,-22.920291,-43.607968,2025-02-18 05:21:58,0.0,,ida,67 - CAMPO GRANDE X TERMINAL DEODORO [IDA],0.1, ,0
902468,,67,-22.90114,-43.553188,2025-02-20 12:42:54,0.0,,ida,67 - CAMPO GRANDE X TERMINAL DEODORO [IDA],2300.9,60,1
902475,,68,-22.848534,-43.396335,2025-02-20 11:55:28,0.0,,ida,68 - BANGU X TERMINAL DEODORO [IDA],846.8,101,0
902466,,67,-22.886638,-43.520596,2025-02-20 12:43:11,21.3,,ida,67 - CAMPO GRANDE X TERMINAL DEODORO [IDA],2735.7,28,1
902464,,68,-22.868949,-43.417513,2025-02-20 12:43:08,37.6,,ida,68 - BANGU X TERMINAL DEODORO [IDA],41390.9,95,1
902462,,68,-22.848453,-43.396533,2025-02-20 12:14:19,0.0,,ida,68 - BANGU X TERMINAL DEODORO [IDA],949.0,96,0
902157,,18,-23.003498,-43.425422,2025-02-20 12:42:47,0.0,,ida,18 - PONTAL X JARDIM OCEÂNICO (EXPRESSO) [IDA],124283.0,69,1
902478,,68,-22.853653,-43.383781,2025-02-20 12:43:07,0.0,,volta,68 - TERMINAL DEODORO X BANGU [VOLTA],1387.1,278,0
902463,,68,-22.88603,-43.225706,2025-02-20 12:43:07,7.8,,ida,68 - BANGU X TERMINAL DEODORO [IDA],796.5,143,1
902481,,67,-22.920751,-43.608314,2025-02-20 12:37:45,0.0,,ida,67 - CAMPO GRANDE X TERMINAL DEODORO [IDA],38.6,17,0
902472,,67,-22.901654,-43.555009,2025-02-20 12:43:00,0.0,,ida,67 - CAMPO GRANDE X TERMINAL DEODORO [IDA],2686.8,250,1
902471,,67,-22.919055,-43.607273,2025-02-20 12:33:04,0.0,,ida,67 - CAMPO GRANDE X TERMINAL DEODORO [IDA],2238.1,172,0
902474,,67,-22.901735,-43.553654,2025-02-20 12:43:16,16.1,,ida,67 - CAMPO GRANDE X TERMINAL DEODORO [IDA],2537.1,253,1
902241,,10,-22.91895,-43.607612,2025-02-20 12:27:08,0.0,,ida,10 - SANTA CRUZ X ALVORADA (EXPRESSO) [IDA],27653.6,93,0
902467,,67,-22.920269,-43.607547,2025-02-20 12:38:49,0.0,,ida,67 - CAMPO GRANDE X TERMINAL DEODORO [IDA],1881.3,354,0
902121,SQX3F57,12,-22.920221,-43.60753,2025-02-20 12:43:16,0.0,,ida,12 - PINGO D'AGUA X ALVORADA (EXPRESSO) [IDA],88647.8, ,1
902195,,18,-23.006783,-43.313394,2025-02-20 11:48:21,0.0,,volta,18 - JARDIM OCEÂNICO X PONTAL (EXPRESSO) [VOLTA],109830.6,93,0
902194,,12,-22.964994,-43.391894,2025-02-20 12:40:54,0.0,,ida,12 - PINGO D'AGUA X ALVORADA (EXPRESSO) [IDA],131928.2, ,0
902199,,12,-23.000918,-43.367995,2025-02-20 12:43:16,20.4,,volta,12 - ALVORADA X PINGO D'AGUA (EXPRESSO) [VOLTA],129418.0,294,1
902178,,12,-23.002532,-43.366229,2025-02-20 11:51:16,0.0,,volta,12 - ALVORADA X PINGO D'AGUA (EXPRESSO) [VOLTA],114326.9, ,0
902186,,12,-23.01033,-43.538028,2025-02-20 12:43:11,60.5,,volta,12 - ALVORADA X PINGO D'AGUA (EXPRESSO) [VOLTA],128308.2,287,1
902190,,18,-23.006681,-43.314121,2025-02-20 12:22:40,0.0,,ida,18 - PONTAL X JARDIM OCEÂNICO (EXPRESSO) [IDA],154366.0,98,0
902171,,18,-23.006569,-43.314473,2025-02-20 12:33:18,0.0,,volta,18 - JARDIM OCEÂNICO X PONTAL (EXPRESSO) [VOLTA],9886.8, ,0
902198,,25,-23.000782,-43.366165,2025-02-20 12:43:16,0.0,,volta,25 - ALVORADA X MATO ALTO (PARADOR) [VOLTA],0.0, ,1
902368,,60,-22.898782,-43.210937,2025-02-20 12:43:12,0.0,,volta,60 - TIG  X  TERMINAL DEODORO (PARADOR) [VOLTA],3587.3,316,1
902218,,13,-23.00988,-43.448328,2025-02-20 12:43:08,0.1,,ida,13 - MATO ALTO X ALVORADA (EXPRESSO) [IDA],118679.0,77,1
902323,,60,-22.898042,-43.211775,2025-02-20 12:42:48,0.0,,volta,60 - TIG  X  TERMINAL DEODORO (PARADOR) [VOLTA],4467.2,300,1
902457,,68,-22.853479,-43.384155,2025-02-20 12:41:24,0.0,,volta,68 - TERMINAL DEODORO X BANGU [VOLTA],1755.8,253,1
902477,,68,-22.848064,-43.396479,2025-02-18 01:21:44,0.0,,ida,68 - BANGU X TERMINAL DEODORO [IDA],0.5,62,0
902485,,67,-22.855069,-43.487353,2025-02-20 12:43:05,57.7,,ida,67 - CAMPO GRANDE X TERMINAL DEODORO [IDA],2164.5,87,1
902175,,25,-23.011954,-43.531479,2025-02-20 12:42:47,59.8,,ida,25 - MATO ALTO X ALVORADA (PARADOR) [IDA],128336.7,121,1
902193,,18,-23.017047,-43.477269,2025-02-20 12:43:14,9.2,,volta,18 - JARDIM OCEÂNICO X PONTAL (EXPRESSO) [VOLTA],129721.0,247,1
902200,,22,-23.002647,-43.36596,2025-02-20 12:17:50,0.0,,ida,22 - ALVORADA X JARDIM OCEÂNICO (PARADOR) [IDA],127752.4,234,0
902204,,25,-23.009885,-43.448137,2025-02-20 12:43:05,7.5,,ida,25 - MATO ALTO X ALVORADA (PARADOR) [IDA],147350.0,90,1
902207,,13,-23.002524,-43.366615,2025-02-20 12:43:01,0.0,,volta,13 - ALVORADA X  MATO ALTO (EXPRESSO) [VOLTA],29307.9, ,1
902227,,13,-23.000229,-43.367198,2025-02-20 12:43:04,24.7,,volta,13 - ALVORADA X  MATO ALTO (EXPRESSO) [VOLTA],136138.6,286,1
902224,,10,-23.000815,-43.36638,2025-02-20 12:43:07,0.0,,volta,10 - ALVORADA X SANTA CRUZ (EXPRESSO) [VOLTA],118854.7,45,1
902251,,12,-22.972265,-43.401623,2025-02-20 12:36:58,0.0,,ida,12 - PINGO D'AGUA X ALVORADA (EXPRESSO) [IDA],70754.5, ,0
902222,,10,-22.920599,-43.607628,2025-02-20 12:28:27,0.0,,ida,10 - SANTA CRUZ X ALVORADA (EXPRESSO) [IDA],137742.3, ,0
902209,,13,-23.002527,-43.366367,2025-02-20 12:30:13,0.0,,volta,13 - ALVORADA X  MATO ALTO (EXPRESSO) [VOLTA],91228.5, ,0
902250,,22,-23.006675,-43.313621,2025-02-20 12:43:13,22.8,,volta,22 - JARDIM OCEÂNICO X ALVORADA (PARADOR) [VOLTA],100459.4,94,1
902221,,25,-22.992917,-43.597521,2025-02-20 12:43:06,0.0,,ida,25 - MATO ALTO X ALVORADA (PARADOR) [IDA],103640.9,40,1
902217,,15,-23.007448,-43.439042,2025-02-20 12:43:12,53.1,,ida,15 - CURRAL FALSO X ALVORADA [IDA],131267.1,72,1
902265,,18,-22.920391,-43.60787,2025-02-18 05:21:13,0.0,,ida,18 - PONTAL X JARDIM OCEÂNICO (EXPRESSO) [IDA],0.0, ,0
902274,,10,-23.000687,-43.365826,2025-02-20 12:43:10,31.4,,volta,10 - ALVORADA X SANTA CRUZ (EXPRESSO) [VOLTA],101727.4,89,1
902212,,13,-23.002234,-43.366282,2025-02-20 12:18:49,0.0,,volta,13 - ALVORADA X  MATO ALTO (EXPRESSO) [VOLTA],138700.5,221,0
902154,SQX3F84,15,-23.00063,-43.366878,2025-02-20 12:43:09,20.4,,volta,15 - ALVORADA X CURRAL FALSO [VOLTA],0.0,205,1
902211,,25,-23.01231,-43.458786,2025-02-20 12:43:05,0.0,,ida,25 - MATO ALTO X ALVORADA (PARADOR) [IDA],134517.0,263,1
902220,,10,-22.920726,-43.607852,2025-02-20 12:12:27,0.0,,ida,10 - SANTA CRUZ X ALVORADA (EXPRESSO) [IDA],136331.2, ,0
902219,,25,-22.999943,-43.408138,2025-02-20 11:23:46,0.0,,ida,25 - MATO ALTO X ALVORADA (PARADOR) [IDA],145705.6,90,1
902210,,25,-23.000789,-43.366205,2025-02-20 12:43:02,0.0,,volta,25 - ALVORADA X MATO ALTO (PARADOR) [VOLTA],142847.1,44,1
902263,,10,-23.01977,-43.487389,2025-02-20 12:43:04,0.0,,ida,10 - SANTA CRUZ X ALVORADA (EXPRESSO) [IDA],107560.3,73,1
902189,,12,-22.965235,-43.39207,2025-02-20 12:42:58,0.0,,ida,12 - PINGO D'AGUA X ALVORADA (EXPRESSO) [IDA],115955.5,341,1
902208,,10,-22.916697,-43.683404,2025-02-20 12:43:09,0.0,,ida,10 - SANTA CRUZ X ALVORADA (EXPRESSO) [IDA],136303.6, ,1
902202,,19,-23.002512,-43.3658,2025-02-20 12:29:00,0.0,,ida,19 - PINGO D'AGUA X SALVADOR ALLENDE (EXPRESSO) [IDA],136721.2,228,0
902184,,10,-22.967103,-43.641711,2025-02-20 12:43:09,0.0,,ida,10 - SANTA CRUZ X ALVORADA (EXPRESSO) [IDA],81176.9,105,1
902206,,18,-23.006627,-43.314382,2025-02-20 12:21:39,0.0,,volta,18 - JARDIM OCEÂNICO X PONTAL (EXPRESSO) [VOLTA],132642.1,92,0
902203,,13,-23.000845,-43.577247,2025-02-20 12:43:08,59.2,,ida,13 - MATO ALTO X ALVORADA (EXPRESSO) [IDA],89847.3,104,1
902187,,25,-23.017025,-43.513037,2025-02-20 12:43:02,55.7,,ida,25 - MATO ALTO X ALVORADA (PARADOR) [IDA],120846.7,286,1
902264,,22,-23.005003,-43.31998,2025-02-20 12:42:51,58.7,,ida,22 - ALVORADA X JARDIM OCEÂNICO (PARADOR) [IDA],153247.8,114,1
902266,,10,-22.969452,-43.633361,2025-02-20 12:42:59,59.5,,volta,10 - ALVORADA X SANTA CRUZ (EXPRESSO) [VOLTA],125551.1,287,1
902268,,22,-22.97239,-43.401312,2025-02-20 12:23:34,0.0,,ida,22 - ALVORADA X JARDIM OCEÂNICO (PARADOR) [IDA],100235.1,217,0
902271,,0,-22.919991,-43.608425,2025-01-03 02:01:21,0.0,,,,135715.5, ,0
902286,,22,-23.000231,-43.35008,2025-02-20 12:43:12,47.2,,ida,22 - ALVORADA X JARDIM OCEÂNICO (PARADOR) [IDA],85380.5,90,1
902292,,10,-22.973338,-43.364861,2025-02-20 12:01:10,28.5,,ida,10 - SANTA CRUZ X ALVORADA (EXPRESSO) [IDA],185346.7,275,1
902293,,22,-22.972336,-43.401322,2025-02-20 12:30:38,0.0,,ida,22 - ALVORADA X JARDIM OCEÂNICO (PARADOR) [IDA],105308.1,227,0
902280,,15,-23.000043,-43.410499,2025-02-20 12:42:48,49.7,,ida,15 - CURRAL FALSO X ALVORADA [IDA],100545.5,88,1
902275,,19,-22.842711,-43.253928,2025-02-01 11:12:39,0.0,,ida,19 - PINGO D'AGUA X SALVADOR ALLENDE (EXPRESSO) [IDA],43458.3,200,0
902261,,22,-22.972437,-43.401362,2025-02-20 12:21:29,0.0,,ida,22 - ALVORADA X JARDIM OCEÂNICO (PARADOR) [IDA],97334.5,288,0
902281,,10,-23.020682,-43.499147,2025-02-20 12:43:13,60.0,,ida,10 - SANTA CRUZ X ALVORADA (EXPRESSO) [IDA],100590.1,277,1
902252,,22,-23.000044,-43.350937,2025-02-20 12:34:21,52.8,,volta,22 - JARDIM OCEÂNICO X ALVORADA (PARADOR) [VOLTA],98750.2,271,1
902277,,18,-23.000046,-43.359612,2025-02-20 12:43:07,0.0,,ida,18 - PONTAL X JARDIM OCEÂNICO (EXPRESSO) [IDA],107140.6,89,1
902246,,18,-22.919499,-43.608435,2025-02-20 12:35:32,0.0,,ida,18 - PONTAL X JARDIM OCEÂNICO (EXPRESSO) [IDA],136923.9, ,0
902244,,12,-23.000581,-43.387164,2025-02-20 12:42:59,41.8,,ida,12 - PINGO D'AGUA X ALVORADA (EXPRESSO) [IDA],126258.0,91,1
902282,,29,-22.972253,-43.401673,2025-02-20 12:34:15,0.0,,volta,29 - ALVORADA X S. ALLENDE (PARADOR) [VOLTA],101697.2,230,0
902258,,22,-22.972361,-43.401467,2025-02-20 12:33:58,0.0,,ida,22 - ALVORADA X JARDIM OCEÂNICO (PARADOR) [IDA],102156.1, ,0
902287,,10,-22.972652,-43.401651,2025-02-20 12:21:43,0.0,,ida,10 - SANTA CRUZ X ALVORADA (EXPRESSO) [IDA],97031.3, ,0
902276,,12,-22.917008,-43.634761,2025-02-20 12:43:07,38.4,,ida,12 - PINGO D'AGUA X ALVORADA (EXPRESSO) [IDA],110312.5,83,1
902226,,12,-22.993383,-43.5971,2025-02-20 12:43:02,0.0,,volta,12 - ALVORADA X PINGO D'AGUA (EXPRESSO) [VOLTA],125698.4,303,1
902216,,13,-22.964537,-43.391724,2025-02-20 12:36:58,0.0,,ida,13 - MATO ALTO X ALVORADA (EXPRESSO) [IDA],106196.8, ,0
902237,,13,-23.006575,-43.436239,2025-02-20 12:43:11,56.7,,volta,13 - ALVORADA X  MATO ALTO (EXPRESSO) [VOLTA],109792.4,252,1
902223,,12,-23.000702,-43.365297,2025-02-20 12:42:40,20.4,,volta,12 - ALVORADA X PINGO D'AGUA (EXPRESSO) [VOLTA],1006.0,89,1
902215,,13,-23.000221,-43.389631,2025-02-20 12:43:15,6.5,,volta,13 - ALVORADA X  MATO ALTO (EXPRESSO) [VOLTA],132534.299,36,1
902122,SQX3B59,10,-23.000151,-43.411872,2025-02-20 12:42:42,37.0,,ida,10 - SANTA CRUZ X ALVORADA (EXPRESSO) [IDA],143036.7,85,1
902290,,10,-22.972515,-43.401574,2025-02-20 12:33:18,0.0,,ida,10 - SANTA CRUZ X ALVORADA (EXPRESSO) [IDA],98638.3, ,0
902291,,22,-22.972414,-43.401332,2025-02-20 12:23:02,0.0,,ida,22 - ALVORADA X JARDIM OCEÂNICO (PARADOR) [IDA],113893.4, ,0
902257,,12,-23.001956,-43.572616,2025-02-20 12:43:07,59.4,,ida,12 - PINGO D'AGUA X ALVORADA (EXPRESSO) [IDA],103044.4,104,1
902231,,25,-23.000863,-43.417252,2025-02-20 12:43:09,14.1,,ida,25 - MATO ALTO X ALVORADA (PARADOR) [IDA],124480.1,80,1
902289,,22,-23.000208,-43.36678,2025-02-20 12:43:13,25.9,,ida,22 - ALVORADA X JARDIM OCEÂNICO (PARADOR) [IDA],70170.5,29,1
902236,,13,-23.002526,-43.366349,2025-02-20 12:31:13,0.0,,volta,13 - ALVORADA X  MATO ALTO (EXPRESSO) [VOLTA],92961.2,223,0
902273,,17,-22.919976,-43.60825,2025-02-16 00:53:13,0.0,,volta,17 - SANTA CRUZ X CAMPO GRANDE (PARADOR) [VOLTA],101547.7, ,0
902253,,22,-22.972372,-43.401641,2025-02-20 12:26:41,0.0,,ida,22 - ALVORADA X JARDIM OCEÂNICO (PARADOR) [IDA],107973.9,225,0
902285,,10,-22.972571,-43.401638,2025-02-20 12:22:45,0.0,,ida,10 - SANTA CRUZ X ALVORADA (EXPRESSO) [IDA],97505.1,226,0
902240,,25,-23.002225,-43.571646,2025-02-20 12:43:02,60.2,,ida,25 - MATO ALTO X ALVORADA (PARADOR) [IDA],134264.2,104,1
902228,,25,-22.999505,-43.58275,2025-02-20 12:43:02,47.8,,volta,25 - ALVORADA X MATO ALTO (PARADOR) [VOLTA],147153.6,284,1
902242,,15,-23.000737,-43.365846,2025-02-20 12:43:12,0.0,,volta,15 - ALVORADA X CURRAL FALSO [VOLTA],127703.0,45,1
902225,,18,-23.016064,-43.517333,2025-02-20 12:43:15,0.0,,ida,18 - PONTAL X JARDIM OCEÂNICO (EXPRESSO) [IDA],117593.1,99,1
902247,,18,-22.920011,-43.608471,2025-02-20 12:30:42,0.0,,ida,18 - PONTAL X JARDIM OCEÂNICO (EXPRESSO) [IDA],123255.2, ,0
902279,,10,-23.000131,-43.402807,2025-02-20 12:43:02,58.9,,ida,10 - SANTA CRUZ X ALVORADA (EXPRESSO) [IDA],104373.1,92,1
902259,,15,-22.973246,-43.391037,2025-02-20 12:43:12,59.5,,ida,15 - CURRAL FALSO X ALVORADA [IDA],125274.6,271,1
902232,,11,-22.920045,-43.608085,2025-02-20 11:52:50,0.0,,ida,11 - SANTA CRUZ X ALVORADA (PARADOR) [IDA],137373.3, ,0
902233,,10,-23.009093,-43.446455,2025-02-20 12:43:02,36.5,,volta,10 - ALVORADA X SANTA CRUZ (EXPRESSO) [VOLTA],132851.2,254,1
902238,,13,-23.021084,-43.49634,2025-02-20 12:43:13,0.0,,ida,13 - MATO ALTO X ALVORADA (EXPRESSO) [IDA],155194.8,100,1
902413,,13,-23.002299,-43.366589,2025-02-20 12:42:58,0.0,,volta,13 - ALVORADA X  MATO ALTO (EXPRESSO) [VOLTA],136279.3,217,1
902245,,12,-22.92028,-43.607712,2025-02-20 12:22:45,0.0,,ida,12 - PINGO D'AGUA X ALVORADA (EXPRESSO) [IDA],136987.0, ,0
902260,,10,-22.972571,-43.401634,2025-02-20 12:11:27,0.0,,ida,10 - SANTA CRUZ X ALVORADA (EXPRESSO) [IDA],101541.8, ,0
902283,,22,-22.999879,-43.360465,2025-02-20 12:43:12,46.0,,volta,22 - JARDIM OCEÂNICO X ALVORADA (PARADOR) [VOLTA],718768.8,271,1
902120,,29,-23.002508,-43.365801,2025-02-20 12:28:52,0.0,,volta,29 - ALVORADA X S. ALLENDE (PARADOR) [VOLTA],124981.4, ,0
902205,,10,-22.916962,-43.683565,2025-02-20 12:43:14,0.0,,ida,10 - SANTA CRUZ X ALVORADA (EXPRESSO) [IDA],131690.2, ,1
861039050300660,,0,-22.848323,-43.397092,2023-12-28 17:19:30,0.0,,,,115.5, ,
902243,,22,-23.002512,-43.366405,2025-02-20 12:00:01,0.0,,ida,22 - ALVORADA X JARDIM OCEÂNICO (PARADOR) [IDA],129916.2, ,0
901101,,67,-22.853549,-43.383964,2025-02-20 12:42:53,0.0,,volta,67 - TERMINAL DEODORO X CAMPO GRANDE [VOLTA],3186.5,301,1
902270,,10,-22.973179,-43.38281,2025-02-20 12:41:49,46.6,,ida,10 - SANTA CRUZ X ALVORADA (EXPRESSO) [IDA],92826.4,270,1
902152,,22,-23.000449,-43.339546,2025-02-20 12:42:58,43.7,,ida,22 - ALVORADA X JARDIM OCEÂNICO (PARADOR) [IDA],118427.1,92,1
902234,,13,-23.002535,-43.366074,2025-02-20 11:45:52,0.0,,volta,13 - ALVORADA X  MATO ALTO (EXPRESSO) [VOLTA],130504.0, ,0
902432,,25,-23.009366,-43.540076,2025-02-20 12:43:12,5.1,,ida,25 - MATO ALTO X ALVORADA (PARADOR) [IDA],135574.8,271,1
902269,,10,-22.920067,-43.608439,2025-01-09 04:46:52,0.0,,ida,10 - SANTA CRUZ X ALVORADA (EXPRESSO) [IDA],34574.1, ,0
902296,,19,-22.972375,-43.401648,2025-02-20 11:58:21,0.0,,ida,19 - PINGO D'AGUA X SALVADOR ALLENDE (EXPRESSO) [IDA],98603.5,224,0
902235,,15,-23.002504,-43.365928,2025-02-20 12:27:15,0.0,,ida,15 - CURRAL FALSO X ALVORADA [IDA],135150.0, ,0
902295,,20,-22.919813,-43.607316,2025-02-20 12:16:39,0.0,,ida,20 - SANTA CRUZ X SALVADOR ALLENDE (EXPRESSO) [IDA],64154.2, ,0
902288,,10,-23.000935,-43.367395,2025-02-20 12:34:20,0.0,,volta,10 - ALVORADA X SANTA CRUZ (EXPRESSO) [VOLTA],60317.5, ,0
902294,,10,-22.97247,-43.401634,2025-02-20 11:55:03,0.0,,ida,10 - SANTA CRUZ X ALVORADA (EXPRESSO) [IDA],58435.1,221,0
902412,,10,-23.000961,-43.367081,2025-02-20 12:42:57,0.0,,volta,10 - ALVORADA X SANTA CRUZ (EXPRESSO) [VOLTA],124644.3, ,1
902123,,12,-23.000644,-43.364817,2025-02-20 12:43:10,0.0,,volta,12 - ALVORADA X PINGO D'AGUA (EXPRESSO) [VOLTA],126059.5,90,1
902416,,60,-22.820404,-43.324471,2025-02-20 11:58:04,0.0,,ida,60 - TERMINAL DEODORO X TIG (PARADOR) [IDA],56879.1, ,0
902423,,0,-22.848741,-43.396294,2025-02-20 12:43:11,9.8,,,,59522.5,56,1
902141,,20,-22.919992,-43.608566,2024-11-23 15:34:24,0.0,,ida,20 - SANTA CRUZ X SALVADOR ALLENDE (EXPRESSO) [IDA],53417.7, ,0
902254,,25,-22.972206,-43.401435,2025-02-20 12:19:23,0.0,,ida,25 - MATO ALTO X ALVORADA (PARADOR) [IDA],66062.2, ,0
902255,,60,-22.849653,-43.398505,2024-09-22 01:59:23,0.0,,ida,60 - TERMINAL DEODORO X TIG (PARADOR) [IDA],14082.1, ,0
902256,,10,-23.008504,-43.442751,2025-02-20 12:43:08,0.0,,ida,10 - SANTA CRUZ X ALVORADA (EXPRESSO) [IDA],88590.6,73,1
902297,,10,-22.918869,-43.607589,2025-02-20 12:42:59,0.0,,ida,10 - SANTA CRUZ X ALVORADA (EXPRESSO) [IDA],62802.1,89,1
902419,,12,-23.000819,-43.418157,2025-02-20 12:43:06,2.3,,volta,12 - ALVORADA X PINGO D'AGUA (EXPRESSO) [VOLTA],125368.6,252,1
902421,,90,-22.879538,-43.240021,2025-02-20 12:43:05,57.8,,ida,90 - FUNDÃO X TIG (PARADOR) [IDA],67852.9,148,1
902426,,80,-22.898113,-43.21206,2025-02-20 12:42:51,0.0,,volta,80 - TIG X PENHA (PARADOR) [VOLTA],89101.7,132,1
902427,,0,-22.839845,-43.240149,2025-02-20 12:35:59,0.0,,,,21206.1, ,0
902428,,80,-22.854603,-43.250859,2025-02-20 12:43:11,32.7,,volta,80 - TIG X PENHA (PARADOR) [VOLTA],26688.7,244,1
902430,,60,-22.850153,-43.397881,2025-02-20 12:02:55,0.0,,ida,60 - TERMINAL DEODORO X TIG (PARADOR) [IDA],35315.6, ,0
902440,,31,-23.002063,-43.365481,2025-02-20 12:18:13,0.0,,volta,31 - ALVORADA X VICENTE DE CARVALHO (SEMIDIRETO) [VOLTA],68558.5, ,0
902185,,18,-23.006708,-43.313645,2025-02-20 12:06:06,0.0,,volta,18 - JARDIM OCEÂNICO X PONTAL (EXPRESSO) [VOLTA],121797.7, ,0
902272,,10,-22.972599,-43.401614,2025-02-20 11:09:38,0.0,,ida,10 - SANTA CRUZ X ALVORADA (EXPRESSO) [IDA],85149.8, ,0
902155,,10,-22.854851,-43.252151,2025-02-20 12:11:43,0.0,,ida,10 - SANTA CRUZ X ALVORADA (EXPRESSO) [IDA],68178.1, ,0
902248,,25,-23.000966,-43.367333,2025-02-20 12:43:04,0.0,,volta,25 - ALVORADA X MATO ALTO (PARADOR) [VOLTA],76611.8, ,1
902249,,18,-22.920424,-43.607938,2025-02-20 12:13:34,0.0,,ida,18 - PONTAL X JARDIM OCEÂNICO (EXPRESSO) [IDA],119519.2, ,0
902278,,22,-22.995869,-43.365806,2025-02-20 12:43:04,34.6,,ida,22 - ALVORADA X JARDIM OCEÂNICO (PARADOR) [IDA],59374.0,2,1
902284,,18,-23.008399,-43.443325,2025-02-20 12:43:01,1.9,,volta,18 - JARDIM OCEÂNICO X PONTAL (EXPRESSO) [VOLTA],98367.1,247,1
902415,,52,-23.000876,-43.365119,2025-02-20 12:10:15,0.0,,volta,52 - T. ALVORADA X T. DEODORO (PARADOR) [VOLTA],65449.7,137,0
902417,,71,-22.849182,-43.397281,2025-02-19 21:24:37,0.0,,ida,71 - VIGÁRIO GERAL / PRAÇA DOIS X TIG (EXPRESSO) [iDA],63555.9,205,1
902420,,60,-22.820932,-43.324104,2025-02-20 12:39:15,0.0,,ida,60 - TERMINAL DEODORO X TIG (PARADOR) [IDA],64862.4, ,0
902435,,80,-22.841732,-43.274615,2025-02-20 12:43:01,0.0,,ida,80 - PENHA X TIG (PARADOR) [IDA],48230.9,287,1
902267,,25,-22.972373,-43.401623,2025-02-20 12:42:59,0.0,,ida,25 - MATO ALTO X ALVORADA (PARADOR) [IDA],85569.9, ,1
861039050288238,,0,-22.848522,-43.396623,2024-02-05 12:17:46,0.0,,,,0.5, ,
902447,,31,-22.854305,-43.251287,2025-02-20 12:09:22,0.0,,ida,31 - VICENTE DE CARVALHO X ALVORADA (SEMIDIRETO) [IDA],57313.4, ,0
902437,,80,-22.854941,-43.253441,2025-02-20 12:42:59,0.1,,ida,80 - PENHA X TIG (PARADOR) [IDA],12859.7,117,1
902422,,12,-23.002521,-43.365974,2025-02-20 12:43:07,0.0,,volta,12 - ALVORADA X PINGO D'AGUA (EXPRESSO) [VOLTA],95732.8,225,1
902441,,80,-22.854229,-43.251892,2025-02-20 12:13:47,0.0,,ida,80 - PENHA X TIG (PARADOR) [IDA],6339.5,27,0
7001,SWK-7A92,ESP01,-22.87205,-43.245542,2025-02-20 12:43:06,54.9,,ida,ESP01 - GALEÃO X TIG (DIRETO) [IDA],95799.9,144,1
7000,SWJ-2G40,ESP01,-22.84698,-43.243277,2025-02-20 12:42:49,0.0,,volta,ESP01 - TIG X GALEÃO (DIRETO) [VOLTA],632.9,66,1
7002,SWS6D22,ESP01,-22.899428,-43.210343,2025-02-20 12:43:13,1.4,,volta,ESP01 - TIG X GALEÃO (DIRETO) [VOLTA],97390.2,61,1
7005,SWS-8A95,ESP01,-22.874842,-43.227136,2025-02-20 12:34:59,0.0,,ida,ESP01 - GALEÃO X TIG (DIRETO) [IDA],8878.5, ,0
7003,SWU-6E33,ESP01,-22.813481,-43.246654,2025-02-20 12:37:03,19.6,,volta,ESP01 - TIG X GALEÃO (DIRETO) [VOLTA],122532.8,210,1
7004,SWH-6A35,ESP01,-22.874848,-43.226743,2025-02-20 12:14:28,0.0,,ida,ESP01 - GALEÃO X TIG (DIRETO) [IDA],102711.9, ,0
902436,,90,-22.897221,-43.212758,2025-02-20 12:43:03,43.1,,volta,90 - TIG x FUNDÃO (PARADOR) [VOLTA],47728.4,309,1
902452,,46,-23.002752,-43.366092,2025-02-20 12:43:15,18.8,,volta,46 - ALVORADA X PENHA (EXPRESSO) [VOLTA],6908.3,87,1
902450,,31,-23.001935,-43.366142,2025-02-20 12:43:11,19.7,,volta,31 - ALVORADA X VICENTE DE CARVALHO (SEMIDIRETO) [VOLTA],54240.0,274,1
902448,,80,-22.846303,-43.267177,2025-02-20 12:43:10,48.7,,ida,80 - PENHA X TIG (PARADOR) [IDA],6408.5,144,1
902453,,43,-22.850876,-43.263678,2025-02-20 12:43:08,9.7,,volta,43 - SANTA EFIGENIA X FUNDÃO (EXPRESSO) [VOLTA],69703.3,149,1
902442,,0,-22.839635,-43.240257,2025-02-20 12:29:08,0.0,,,,37615.2,345,0
902425,,71,-22.820837,-43.324331,2025-02-20 12:42:58,0.0,,volta,71 - TIG X VIGÁRIO GERAL / PRAÇA DOIS (EXPRESSO) [VOLTA],52693.8, ,0
902229,,10,-23.000856,-43.367353,2025-02-20 12:43:09,0.0,,volta,10 - ALVORADA X SANTA CRUZ (EXPRESSO) [VOLTA],89793.1,130,1
902429,,46,-22.965713,-43.391327,2025-02-20 12:39:06,0.0,,ida,46 - PENHA X ALVORADA (EXPRESSO) [IDA],43438.0,145,0
902418,,51,-22.849484,-43.39713,2025-02-19 01:41:55,0.0,,volta,51 - T. RECREIO X T.DEODORO (PARADOR) [VOLTA],60882.4,239,1
902446,,0,-22.854293,-43.251803,2025-02-20 12:43:16,0.0,,,,33482.9,135,0
902318,,60,-22.853674,-43.24763,2025-02-20 12:43:16,27.0,,ida,60 - TERMINAL DEODORO X TIG (PARADOR) [IDA],74847.7,172,1
902433,,61,-22.820779,-43.324133,2025-02-20 12:21:59,0.0,,ida,61 - TERMINAL DEODORO X TIG (EXPRESSO) [IDA],48087.0,46,0
902302,,51,-22.854159,-43.383899,2025-02-20 12:39:31,19.5,,ida,51 - T. DEODORO X T. RECREIO (PARADOR) [IDA],75474.9,116,1
902424,,80,-22.898647,-43.211511,2025-02-20 12:29:10,2.0,,volta,80 - TIG X PENHA (PARADOR) [VOLTA],59116.3,167,1
902324,,60,-22.820948,-43.324695,2025-02-20 12:42:58,0.0,,ida,60 - TERMINAL DEODORO X TIG (PARADOR) [IDA],54833.4,297,1
902444,,90,-22.899152,-43.210786,2025-02-20 12:43:04,0.0,,volta,90 - TIG x FUNDÃO (PARADOR) [VOLTA],21490.3,123,1
902389,,0,-23.000959,-43.365009,2025-02-20 12:43:01,0.0,,,,2864.8,212,1
902358,,60,-22.814764,-43.293068,2025-02-20 12:43:11,57.2,,ida,60 - TERMINAL DEODORO X TIG (PARADOR) [IDA],3637.3,106,1
902393,,60,-22.820858,-43.323867,2025-02-20 12:18:42,0.0,,ida,60 - TERMINAL DEODORO X TIG (PARADOR) [IDA],4039.1,109,0
902385,,60,-22.820592,-43.324273,2025-02-20 12:21:20,0.0,,ida,60 - TERMINAL DEODORO X TIG (PARADOR) [IDA],4295.4,113,0
902379,,60,-22.898273,-43.211837,2025-02-20 12:43:07,0.0,,volta,60 - TIG  X  TERMINAL DEODORO (PARADOR) [VOLTA],1953.6,132,1
902381,,61,-22.849263,-43.398016,2025-02-20 12:19:38,0.0,,ida,61 - TERMINAL DEODORO X TIG (EXPRESSO) [IDA],2330.6,164,0
902342,,61,-22.899139,-43.211005,2025-02-20 12:33:22,0.0,,volta,61 - TIG  X  TERMINAL DEODORO (EXPRESSO) [VOLTA],3335.3,317,0
902357,,80,-22.886275,-43.22521,2025-02-20 12:42:55,0.0,,ida,80 - PENHA X TIG (PARADOR) [IDA],3853.2,145,1
902384,,61,-22.820801,-43.324621,2025-02-20 12:41:35,0.0,,volta,61 - TIG  X  TERMINAL DEODORO (EXPRESSO) [VOLTA],59149.7,118,0
902378,,60,-22.820467,-43.32476,2025-02-20 12:28:16,0.0,,ida,60 - TERMINAL DEODORO X TIG (PARADOR) [IDA],4813.9,134,0
902333,,71,-22.820738,-43.324921,2025-02-20 12:29:43,0.0,,volta,71 - TIG X VIGÁRIO GERAL / PRAÇA DOIS (EXPRESSO) [VOLTA],3261.1,297,0
902351,,60,-22.853598,-43.383958,2025-02-20 12:43:07,0.0,,ida,60 - TERMINAL DEODORO X TIG (PARADOR) [IDA],4192.6,287,1
902438,,31,-22.973474,-43.365877,2025-02-20 12:43:04,31.9,,ida,31 - VICENTE DE CARVALHO X ALVORADA (SEMIDIRETO) [IDA],38558.3,90,1
902404,,60,-22.854036,-43.384274,2025-02-20 12:43:07,0.0,,ida,60 - TERMINAL DEODORO X TIG (PARADOR) [IDA],3046.7,116,1
902373,,60,-22.874884,-43.243432,2025-02-20 12:42:58,0.0,,ida,60 - TERMINAL DEODORO X TIG (PARADOR) [IDA],1927.5,141,1
902367,,61,-22.84958,-43.397474,2025-02-20 12:25:08,0.0,,ida,61 - TERMINAL DEODORO X TIG (EXPRESSO) [IDA],4453.3,251,0
902376,,60,-22.842605,-43.373163,2025-02-20 12:42:58,56.6,,ida,60 - TERMINAL DEODORO X TIG (PARADOR) [IDA],2643.7,55,1
902386,,51,-22.896006,-43.399244,2025-02-20 12:43:10,0.0,,ida,51 - T. DEODORO X T. RECREIO (PARADOR) [IDA],1847.1,165,1
902331,,61,-22.820664,-43.324333,2025-02-20 12:24:36,0.0,,ida,61 - TERMINAL DEODORO X TIG (EXPRESSO) [IDA],3835.9,114,0
902395,,60,-22.847977,-43.3965,2025-02-13 04:07:11,0.0,,ida,60 - TERMINAL DEODORO X TIG (PARADOR) [IDA],0.0,129,0
902391,,52,-22.850541,-43.398133,2025-02-20 12:31:03,0.0,,ida,52 - T. DEODORO X T. ALVORADA (PARADOR) [IDA],4191.3,161,0
902398,,60,-22.848917,-43.397087,2025-02-20 12:33:29,0.0,,ida,60 - TERMINAL DEODORO X TIG (PARADOR) [IDA],3805.7,101,0
902394,,60,-22.82415,-43.332223,2025-02-20 12:43:09,0.0,,volta,60 - TIG  X  TERMINAL DEODORO (PARADOR) [VOLTA],3746.3,249,1
902390,,61,-22.849497,-43.397588,2025-02-20 12:37:02,0.0,,ida,61 - TERMINAL DEODORO X TIG (EXPRESSO) [IDA],3661.4,228,0
902403,,80,-22.862799,-43.247962,2025-02-20 12:43:07,49.7,,ida,80 - PENHA X TIG (PARADOR) [IDA],2351.9,178,1
902365,,71,-22.848025,-43.396599,2025-02-13 19:32:36,0.0,,ida,71 - VIGÁRIO GERAL / PRAÇA DOIS X TIG (EXPRESSO) [iDA],0.1,44,0
902399,,71,-22.820565,-43.324064,2025-02-20 12:14:06,0.0,,ida,71 - VIGÁRIO GERAL / PRAÇA DOIS X TIG (EXPRESSO) [iDA],1882.4,281,0
902359,,60,-22.853715,-43.383765,2025-02-20 12:42:52,0.0,,ida,60 - TERMINAL DEODORO X TIG (PARADOR) [IDA],3895.0,274,1
902377,,71,-22.821038,-43.324456,2025-02-20 12:39:21,0.0,,ida,71 - VIGÁRIO GERAL / PRAÇA DOIS X TIG (EXPRESSO) [iDA],3068.5,266,0
902382,,60,-22.886305,-43.225088,2025-02-20 12:42:48,28.8,,volta,60 - TIG  X  TERMINAL DEODORO (PARADOR) [VOLTA],3107.0,316,1
902311,,71,-22.820506,-43.32424,2025-02-20 12:38:59,0.0,,ida,71 - VIGÁRIO GERAL / PRAÇA DOIS X TIG (EXPRESSO) [iDA],2515.5,312,0
902346,,60,-22.842019,-43.251801,2025-02-20 12:43:07,32.2,,volta,60 - TIG  X  TERMINAL DEODORO (PARADOR) [VOLTA],3103.7,317,1
862096070026997,,0,-22.839712,-43.239801,2024-06-05 12:15:43,0.0,,,,9.0,141,
902406,,60,-22.824153,-43.331749,2025-02-20 12:43:07,0.0,,ida,60 - TERMINAL DEODORO X TIG (PARADOR) [IDA],2942.3,63,1
902409,,80,-22.849256,-43.39803,2025-02-20 12:22:05,0.0,,ida,80 - PENHA X TIG (PARADOR) [IDA],2278.6,167,0
902355,,60,-22.820558,-43.324578,2025-02-20 12:25:53,0.0,,ida,60 - TERMINAL DEODORO X TIG (PARADOR) [IDA],3477.3,114,0
902411,,60,-22.815194,-43.290802,2025-02-20 12:43:00,34.5,,volta,60 - TIG  X  TERMINAL DEODORO (PARADOR) [VOLTA],4936.1,286,1
902401,,60,-22.899014,-43.21152,2025-02-20 12:39:58,0.0,,volta,60 - TIG  X  TERMINAL DEODORO (PARADOR) [VOLTA],1679.7,302,0
902309,,60,-22.867376,-43.247483,2025-02-20 12:42:49,47.8,,volta,60 - TIG  X  TERMINAL DEODORO (PARADOR) [VOLTA],4882.4,351,1
902352,,71,-22.820939,-43.3245,2025-02-20 12:35:52,0.0,,ida,71 - VIGÁRIO GERAL / PRAÇA DOIS X TIG (EXPRESSO) [iDA],3584.1,300,0
902336,,71,-22.821036,-43.324496,2025-02-19 21:34:39,0.0,,volta,71 - TIG X VIGÁRIO GERAL / PRAÇA DOIS (EXPRESSO) [VOLTA],3657.9,234,1
902361,,71,-22.820481,-43.32416,2025-02-20 12:40:54,0.0,,ida,71 - VIGÁRIO GERAL / PRAÇA DOIS X TIG (EXPRESSO) [iDA],3656.4,309,0
902380,,60,-22.849262,-43.397982,2025-02-20 12:26:02,0.0,,ida,60 - TERMINAL DEODORO X TIG (PARADOR) [IDA],5001.5,171,0
902344,,71,-22.820407,-43.324684,2025-02-20 12:22:14,0.0,,ida,71 - VIGÁRIO GERAL / PRAÇA DOIS X TIG (EXPRESSO) [iDA],2933.8,91,0
902343,,0,-22.894004,-43.399742,2025-02-20 12:43:01,57.5,,,,3373.6,348,1
902366,,60,-22.849287,-43.398081,2025-02-20 12:14:32,0.0,,ida,60 - TERMINAL DEODORO X TIG (PARADOR) [IDA],3372.5,164,0
902339,,61,-22.898303,-43.211484,2025-02-20 12:42:49,0.0,,volta,61 - TIG  X  TERMINAL DEODORO (EXPRESSO) [VOLTA],2617.4,305,1
902383,,60,-22.853956,-43.384437,2025-02-20 12:43:00,0.0,,ida,60 - TERMINAL DEODORO X TIG (PARADOR) [IDA],3395.9,332,1
902407,,60,-22.882135,-43.238104,2025-02-20 12:42:10,58.1,,ida,60 - TERMINAL DEODORO X TIG (PARADOR) [IDA],3018.0,139,1
902340,,60,-22.82052,-43.324483,2025-02-20 12:21:30,0.0,,ida,60 - TERMINAL DEODORO X TIG (PARADOR) [IDA],3593.9,99,0
902410,,60,-22.820801,-43.323904,2025-02-20 12:17:52,0.0,,ida,60 - TERMINAL DEODORO X TIG (PARADOR) [IDA],2577.4,89,0
902348,,71,-22.820743,-43.324068,2025-02-20 12:19:20,0.0,,ida,71 - VIGÁRIO GERAL / PRAÇA DOIS X TIG (EXPRESSO) [iDA],1186.8,121,0
902372,,52,-22.970374,-43.400211,2025-02-20 12:43:06,49.6,,volta,52 - T. ALVORADA X T. DEODORO (PARADOR) [VOLTA],1842.4,38,1
867488060828448,,0,-22.957767,-43.347062,2024-08-27 00:07:27,0.0,,,,61.9,217,1
902388,,61,-22.898479,-43.211719,2025-02-20 12:43:01,0.0,,volta,61 - TIG  X  TERMINAL DEODORO (EXPRESSO) [VOLTA],3329.6,136,0
902392,,60,-22.820697,-43.324888,2025-02-20 12:42:53,0.0,,volta,60 - TIG  X  TERMINAL DEODORO (PARADOR) [VOLTA],55660.4,127,0
902397,,60,-22.85342,-43.385384,2025-02-20 11:23:25,13.8,,ida,60 - TERMINAL DEODORO X TIG (PARADOR) [IDA],57112.8,282,1
902370,,61,-22.831646,-43.352561,2025-02-20 12:42:49,0.0,,volta,61 - TIG  X  TERMINAL DEODORO (EXPRESSO) [VOLTA],2844.8,249,1
902405,,90,-22.849548,-43.397584,2025-02-20 12:43:16,0.0,,ida,90 - FUNDÃO X TIG (PARADOR) [IDA],3586.9,235,1
903065,,14,-23.008474,-43.439681,2025-02-20 12:15:45,0.0,,volta,14 - TERMINAL RECREIO x SANTA EUGÊNIA (EXPRESSO) [VOLTA],1807.9,35,0
901110,,67,-22.886271,-43.520434,2025-02-20 10:01:23,42.3,,volta,67 - TERMINAL DEODORO X CAMPO GRANDE [VOLTA],2038.4,213,1
901102,,14,-23.008612,-43.439865,2025-02-20 12:26:32,0.0,,volta,14 - TERMINAL RECREIO x SANTA EUGÊNIA (EXPRESSO) [VOLTA],2078.9,39,0
901111,,28,-22.936696,-43.667426,2025-02-20 12:42:54,0.0,,volta,28 - CURRAL FALSO X PINGO D'ÁGUA [VOLTA],1904.5,49,1
901105,,67,-22.901001,-43.552563,2025-02-20 12:42:50,39.2,,ida,67 - CAMPO GRANDE X TERMINAL DEODORO [IDA],1968.0,79,1
901103,,67,-22.862672,-43.44154,2025-02-20 12:43:02,37.8,,volta,67 - TERMINAL DEODORO X CAMPO GRANDE [VOLTA],3886.6,280,1
901115,,14,-23.008779,-43.440144,2025-02-20 12:24:48,0.0,,volta,14 - TERMINAL RECREIO x SANTA EUGÊNIA (EXPRESSO) [VOLTA],1947.1,67,0
901124,,14,-23.008329,-43.440904,2025-02-20 12:32:14,0.0,,volta,14 - TERMINAL RECREIO x SANTA EUGÊNIA (EXPRESSO) [VOLTA],1826.4,197,0
901113,,28,-22.937081,-43.667406,2025-02-20 12:42:48,0.0,,volta,28 - CURRAL FALSO X PINGO D'ÁGUA [VOLTA],3645.1,215,1
901141,,67,-22.853653,-43.383812,2025-02-20 12:42:50,0.0,,volta,67 - TERMINAL DEODORO X CAMPO GRANDE [VOLTA],2489.2,292,1
901151,,14,-23.005268,-43.435818,2025-02-20 12:42:56,53.9,,volta,14 - TERMINAL RECREIO x SANTA EUGÊNIA (EXPRESSO) [VOLTA],5862.3,224,1
901129,,28,-22.980745,-43.686744,2025-02-20 12:43:12,29.3,,ida,28 - PINGO D'ÁGUA X CURRAL FALSO [IDA],1576.3,296,1
901118,,14,-23.008579,-43.440155,2025-02-20 12:30:06,0.0,,volta,14 - TERMINAL RECREIO x SANTA EUGÊNIA (EXPRESSO) [VOLTA],1702.0,31,0
901149,,67,-22.901798,-43.55378,2025-02-20 12:42:57,0.0,,ida,67 - CAMPO GRANDE X TERMINAL DEODORO [IDA],1993.6,238,1
901140,,67,-22.876465,-43.525794,2025-02-20 12:43:05,0.0,,ida,67 - CAMPO GRANDE X TERMINAL DEODORO [IDA],3517.8,302,1
901109,,28,-22.949535,-43.68118,2025-02-20 12:43:17,22.2,,ida,28 - PINGO D'ÁGUA X CURRAL FALSO [IDA],3709.6,23,1
901119,,28,-22.969121,-43.699533,2025-02-20 12:43:06,0.0,,ida,28 - PINGO D'ÁGUA X CURRAL FALSO [IDA],6860.8,262,1
901122,,28,-22.981101,-43.686144,2025-02-20 12:42:50,8.5,,volta,28 - CURRAL FALSO X PINGO D'ÁGUA [VOLTA],32443.1,108,1
901128,,14,-23.007017,-43.43751,2025-02-20 12:43:13,44.0,,volta,14 - TERMINAL RECREIO x SANTA EUGÊNIA (EXPRESSO) [VOLTA],34090.4,51,1
901114,,14,-23.00834,-43.440953,2025-02-20 12:22:50,0.0,,volta,14 - TERMINAL RECREIO x SANTA EUGÊNIA (EXPRESSO) [VOLTA],18057.9,127,0
901120,,14,-22.919009,-43.607205,2025-02-20 12:29:49,0.0,,ida,14 - SANTA EUGÊNIA X TERMINAL RECREIO (EXPRESSO) [IDA],1836.2,211,0
901106,,28,-22.940676,-43.674438,2025-02-20 12:43:02,39.1,,volta,28 - CURRAL FALSO X PINGO D'ÁGUA [VOLTA],32920.8,201,1
901107,,28,-22.936896,-43.667556,2025-02-20 12:38:30,0.0,,volta,28 - CURRAL FALSO X PINGO D'ÁGUA [VOLTA],2489.5,47,0
901108,,14,-23.008278,-43.440778,2025-02-20 12:29:59,0.0,,volta,14 - TERMINAL RECREIO x SANTA EUGÊNIA (EXPRESSO) [VOLTA],35224.2,193,0
901116,,14,-23.00837,-43.441054,2025-02-20 12:15:10,0.0,,volta,14 - TERMINAL RECREIO x SANTA EUGÊNIA (EXPRESSO) [VOLTA],30034.4,207,0
901117,,14,-23.008704,-43.440147,2025-02-20 12:14:05,0.0,,volta,14 - TERMINAL RECREIO x SANTA EUGÊNIA (EXPRESSO) [VOLTA],32116.1, ,0
901123,,14,-23.008757,-43.44016,2025-02-20 12:35:50,0.0,,volta,14 - TERMINAL RECREIO x SANTA EUGÊNIA (EXPRESSO) [VOLTA],3216.2,60,0
901125,,67,-22.901223,-43.553652,2025-02-20 12:42:47,0.0,,ida,67 - CAMPO GRANDE X TERMINAL DEODORO [IDA],9100.2,45,1
901126,,14,-23.008735,-43.439952,2025-02-20 12:28:16,0.0,,volta,14 - TERMINAL RECREIO x SANTA EUGÊNIA (EXPRESSO) [VOLTA],33799.9, ,0
901132,,28,-22.964912,-43.647065,2025-02-20 12:35:52,0.0,,ida,28 - PINGO D'ÁGUA X CURRAL FALSO [IDA],30511.3, ,0
901133,,67,-22.853499,-43.384224,2025-02-20 12:43:03,0.0,,volta,67 - TERMINAL DEODORO X CAMPO GRANDE [VOLTA],34871.2, ,1
901134,,14,-22.920214,-43.607396,2025-02-20 10:10:25,0.0,,ida,14 - SANTA EUGÊNIA X TERMINAL RECREIO (EXPRESSO) [IDA],51779.0,354,0
901136,,0,-23.002717,-43.569068,2025-02-20 12:42:53,50.9,,,,32298.9,283,1
901137,,67,-22.920071,-43.608345,2025-02-17 17:33:02,0.0,,ida,67 - CAMPO GRANDE X TERMINAL DEODORO [IDA],33318.0,243,0
901139,,28,-22.96831,-43.704545,2025-02-20 12:42:50,34.1,,volta,28 - CURRAL FALSO X PINGO D'ÁGUA [VOLTA],4675.6,126,1
901143,,28,-22.750982,-43.286639,2025-02-20 12:43:12,0.0,,ida,28 - PINGO D'ÁGUA X CURRAL FALSO [IDA],6675.2, ,1
901144,,28,-22.96578,-43.647756,2025-02-20 12:42:47,0.0,,ida,28 - PINGO D'ÁGUA X CURRAL FALSO [IDA],29976.0,225,1
901145,,14,-23.008432,-43.439852,2025-02-20 12:24:55,0.0,,volta,14 - TERMINAL RECREIO x SANTA EUGÊNIA (EXPRESSO) [VOLTA],4161.8,224,0
901147,,14,-22.92022,-43.607349,2025-02-20 12:18:42,0.0,,ida,14 - SANTA EUGÊNIA X TERMINAL RECREIO (EXPRESSO) [IDA],28807.7, ,0
901153,,28,-22.964996,-43.647084,2025-02-20 12:32:50,0.0,,ida,28 - PINGO D'ÁGUA X CURRAL FALSO [IDA],34361.7, ,0
901135,,67,-22.920181,-43.607341,2025-02-20 12:30:54,0.0,,ida,67 - CAMPO GRANDE X TERMINAL DEODORO [IDA],33087.8, ,0
901150,,14,-23.012411,-43.458407,2025-02-20 12:43:05,11.0,,ida,14 - SANTA EUGÊNIA X TERMINAL RECREIO (EXPRESSO) [IDA],2468.1,65,1
901146,,28,-22.920213,-43.608442,2025-02-20 12:14:33,0.0,,ida,28 - PINGO D'ÁGUA X CURRAL FALSO [IDA],2720.4,276,0
901121,,17,-22.919018,-43.607183,2025-02-20 12:26:26,0.0,,volta,17 - SANTA CRUZ X CAMPO GRANDE (PARADOR) [VOLTA],6811.6,211,0
901142,,14,-23.008742,-43.439871,2025-02-20 12:16:27,0.0,,volta,14 - TERMINAL RECREIO x SANTA EUGÊNIA (EXPRESSO) [VOLTA],15599.1, ,0
901104,,28,-22.969715,-43.647762,2025-02-20 12:42:52,40.6,,volta,28 - CURRAL FALSO X PINGO D'ÁGUA [VOLTA],23242.2,2,1
901112,,67,-22.920134,-43.607496,2025-02-20 12:40:29,0.0,,ida,67 - CAMPO GRANDE X TERMINAL DEODORO [IDA],22434.7, ,0
901127,,14,-23.008386,-43.441027,2025-02-20 12:18:50,0.0,,volta,14 - TERMINAL RECREIO x SANTA EUGÊNIA (EXPRESSO) [VOLTA],31350.3, ,0
901130,,67,-22.86807,-43.5097,2025-02-20 12:43:09,22.7,,volta,67 - TERMINAL DEODORO X CAMPO GRANDE [VOLTA],53225.6,148,1
901131,,67,-22.919643,-43.608554,2025-02-20 12:25:11,0.0,,ida,67 - CAMPO GRANDE X TERMINAL DEODORO [IDA],33841.9, ,0
901152,,67,-22.920313,-43.607988,2025-02-18 05:21:14,0.0,,ida,67 - CAMPO GRANDE X TERMINAL DEODORO [IDA],0.0, ,0
901148,,14,-23.010995,-43.452798,2025-02-20 12:42:52,35.0,,ida,14 - SANTA EUGÊNIA X TERMINAL RECREIO (EXPRESSO) [IDA],30757.3,75,1
902177,,10,-23.000926,-43.367296,2025-02-20 12:43:05,0.0,,volta,10 - ALVORADA X SANTA CRUZ (EXPRESSO) [VOLTA],34773.7,130,1
901154,,14,-22.919015,-43.607156,2025-02-20 12:18:05,0.0,,ida,14 - SANTA EUGÊNIA X TERMINAL RECREIO (EXPRESSO) [IDA],20042.6,268,0
861039050290499,,0,-22.906338,-43.177584,2024-11-28 15:19:46,0.0,,,,0.0, ,1
902490,,14,-23.008632,-43.440028,2025-02-20 12:41:01,0.0,,volta,14 - TERMINAL RECREIO x SANTA EUGÊNIA (EXPRESSO) [VOLTA],8720.5,47,0
902491,,14,-23.008587,-43.440106,2025-02-20 12:16:55,0.0,,volta,14 - TERMINAL RECREIO x SANTA EUGÊNIA (EXPRESSO) [VOLTA],5768.4,44,0
902487,,14,-23.008544,-43.440116,2025-02-20 12:28:38,0.0,,volta,14 - TERMINAL RECREIO x SANTA EUGÊNIA (EXPRESSO) [VOLTA],5899.9,45,0
902488,,14,-23.008082,-43.440406,2025-02-20 12:43:08,0.0,,volta,14 - TERMINAL RECREIO x SANTA EUGÊNIA (EXPRESSO) [VOLTA],6525.2,254,0
902489,,17,-22.925409,-43.649926,2025-02-20 12:43:14,13.7,,volta,17 - SANTA CRUZ X CAMPO GRANDE (PARADOR) [VOLTA],8255.5,25,1
00CF000457 - A16 MAX,,0,-23.000411,-43.393521,2025-02-13 02:57:30,56.0,,,,0.0,916,0
00B8006F63 - A8 PRO,,0,-22.853808,-43.383992,2025-02-20 12:43:12,0.0,,,,9395.0,111,1
00140007EF,,0,-22.90637,-43.177576,2025-02-07 12:14:38,0.0,,,,0.0, ,1
